Customer ID,Age,City,Total Spend,Items Purchased,Average Rating,Days Since Last Purchase,Gender_Female,Gender_Male,Membership Type_Bronze,Membership Type_Gold,Membership Type_Silver,Discount Applied_False,Discount Applied_True,Satisfaction Level_Neutral,Satisfaction Level_Satisfied,Satisfaction Level_Unsatisfied,spend_per_item,is_high_spender,engagement_index,log_total_spend
0.0,0.17647058823529416,0.8,0.639502388893897,0.5,0.8421052631578942,0.29629629629629634,1.0,0.0,0.0,1.0,0.0,0.0,1.0,0.0,1.0,0.0,0.8727888376437622,1,0.4210526315789471,0.7665526903532429
0.0028653295128939775,0.47058823529411775,0.4,0.33327323537365905,0.2857142857142857,0.5789473684210522,0.16666666666666669,0.0,1.0,0.0,0.0,1.0,1.0,0.0,1.0,0.0,0.0,0.519260167400748,1,0.16541353383458635,0.49032009063300297
0.005730659025787955,1.0,0.0,0.09010186604164788,0.1428571428571428,0.21052631578947367,0.6111111111111112,1.0,0.0,1.0,0.0,0.0,0.0,1.0,0.0,0.0,1.0,0.1141108159651274,0,0.030075187969924796,0.1663017819973165
0.008595988538681988,0.23529411764705888,1.0,0.9641215180744612,0.857142857142857,0.8947368421052628,0.055555555555555566,0.0,1.0,0.0,1.0,0.0,1.0,0.0,0.0,1.0,0.0,0.9999999999999998,1,0.7669172932330823,0.9797086813351141
0.011461318051575966,0.05882352941176472,0.6000000000000001,0.27909492472730546,0.4285714285714285,0.5263157894736841,0.851851851851852,0.0,1.0,0.0,0.0,1.0,0.0,1.0,0.0,0.0,1.0,0.2592562321209644,0,0.225563909774436,0.4290785145820655
0.014326647564469944,0.6470588235294117,0.2,0.027044081853421054,0.0714285714285714,0.05263157894736836,0.24074074074074078,1.0,0.0,1.0,0.0,0.0,1.0,0.0,1.0,0.0,0.0,0.02432002906052766,0,0.0037593984962405957,0.05381657641066262
0.01719197707736392,0.2941176470588236,0.8,0.6669070585053637,0.5714285714285714,0.7894736842105261,0.3518518518518519,1.0,0.0,0.0,1.0,0.0,0.0,1.0,0.0,1.0,0.0,0.8358534259637649,1,0.45112781954887204,0.7870269673394183
0.0200573065902579,0.5294117647058822,0.4,0.35166321103398535,0.3571428571428571,0.6315789473684208,0.0925925925925926,0.0,1.0,0.0,0.0,1.0,1.0,0.0,1.0,0.0,0.0,0.4764588217581138,1,0.22556390977443597,0.5100413147275455
0.022922636103151876,0.8823529411764706,0.0,0.07612909041738031,0.2142857142857142,0.3157894736842104,0.5740740740740742,1.0,0.0,1.0,0.0,0.0,0.0,1.0,0.0,0.0,1.0,0.015312868097790755,0,0.06766917293233077,0.1427634486166216
0.025787965616045856,0.11764705882352944,1.0,0.9999999999999999,1.0,0.9473684210526314,0.0,0.0,1.0,0.0,1.0,0.0,1.0,0.0,0.0,1.0,0.0,0.906308988654718,1,0.9473684210526314,1.0
0.028653295128939833,0.3529411764705883,0.6000000000000001,0.251960695934373,0.2857142857142857,0.4210526315789471,0.462962962962963,0.0,1.0,0.0,0.0,1.0,0.0,1.0,0.0,0.0,1.0,0.34177904917586144,0,0.12030075187969917,0.3964608702120298
0.03151862464183381,0.5882352941176472,0.2,0.05381772288830794,0.0,0.10526315789473695,0.20370370370370375,1.0,0.0,1.0,0.0,0.0,1.0,0.0,1.0,0.0,0.0,0.17379882071341002,0,0.0,0.10360936656762298
0.03438395415472779,0.23529411764705888,0.8,0.7121608221400882,0.6428571428571428,0.6842105263157894,0.22222222222222224,1.0,0.0,0.0,1.0,0.0,0.0,1.0,0.0,1.0,0.0,0.8326196525766538,1,0.43984962406015027,0.8196815516686771
0.03724928366762182,0.41176470588235303,0.4,0.369557378526999,0.4285714285714285,0.736842105263158,0.11111111111111116,0.0,1.0,0.0,0.0,1.0,1.0,0.0,0.0,1.0,0.0,0.436963628933388,1,0.3157894736842105,0.5287550310969449
0.0401146131805158,0.9411764705882355,0.0,0.10781573965563862,0.1428571428571428,0.26315789473684204,0.5370370370370372,1.0,0.0,1.0,0.0,0.0,0.0,1.0,0.0,0.0,1.0,0.15760795531943872,0,0.037593984962405985,0.19513794545176744
0.042979942693409774,0.17647058823529416,1.0,0.8558550437212656,0.7857142857142856,1.0,0.03703703703703704,0.0,1.0,0.0,1.0,0.0,1.0,0.0,0.0,1.0,0.0,0.9105135540117153,1,0.7857142857142856,0.9149986697717418
0.04584527220630375,0.0,0.6000000000000001,0.2612458307040476,0.3571428571428571,0.368421052631579,0.7222222222222223,0.0,1.0,0.0,0.0,1.0,0.0,1.0,0.0,0.0,1.0,0.2894916080556931,0,0.13157894736842105,0.4077795431941489
0.048710601719197735,0.7058823529411766,0.2,0.036148922744072776,0.0714285714285714,0.0,0.29629629629629634,1.0,0.0,1.0,0.0,0.0,1.0,0.0,1.0,0.0,0.0,0.04816782454706425,0,0.0,0.07111547355278969
0.05157593123209171,0.3529411764705883,0.8,0.6846660055891102,0.5,0.8947368421052628,0.3703703703703704,1.0,0.0,0.0,1.0,0.0,0.0,1.0,0.0,1.0,0.0,0.9572849164185493,1,0.4473684210526314,0.8000082149716699
0.05444126074498569,0.47058823529411775,0.4,0.34201748850626523,0.2857142857142857,0.5263157894736841,0.12962962962962965,0.0,1.0,0.0,0.0,1.0,1.0,0.0,1.0,0.0,0.0,0.538346274349544,1,0.15037593984962402,0.49976073558329315
0.05730659025787967,1.0,0.0,0.08559451906607768,0.2142857142857142,0.1578947368421051,0.5925925925925927,1.0,0.0,1.0,0.0,0.0,0.0,1.0,0.0,0.0,1.0,0.037188393951777865,0,0.03383458646616536,0.1587875816538986
0.060171919770773644,0.23529411764705888,1.0,0.9552871180023438,0.9285714285714284,0.9473684210526314,0.07407407407407408,0.0,1.0,0.0,1.0,0.0,1.0,0.0,0.0,1.0,0.0,0.9124602057444995,1,0.8796992481203004,0.9746286785749882
0.06303724928366762,0.05882352941176472,0.6000000000000001,0.27008023077616505,0.4285714285714285,0.5789473684210522,0.8333333333333336,0.0,1.0,0.0,0.0,1.0,0.0,1.0,0.0,0.0,1.0,0.2415474730963083,0,0.24812030075187946,0.418395549985739
0.06590257879656165,0.6470588235294117,0.2,0.018029387902280702,0.0,0.21052631578947367,0.25925925925925936,1.0,0.0,1.0,0.0,0.0,1.0,0.0,1.0,0.0,0.0,0.07336485881643218,0,0.0,0.03629485969373469
0.06876790830945563,0.2941176470588236,0.8,0.6578923645542233,0.5714285714285714,0.8421052631578942,0.3333333333333334,1.0,0.0,0.0,1.0,0.0,0.0,1.0,0.0,1.0,0.0,0.8197545541231686,1,0.4812030075187967,0.7803522768811693
0.07163323782234961,0.5294117647058822,0.4,0.36067790498512575,0.3571428571428571,0.6842105263157894,0.07407407407407408,0.0,1.0,0.0,0.0,1.0,1.0,0.0,1.0,0.0,0.0,0.495099620731436,1,0.24436090225563903,0.5195260706131837
0.07449856733524358,0.8823529411764706,0.0,0.06711439646623996,0.1428571428571428,0.3157894736842104,0.5555555555555557,1.0,0.0,1.0,0.0,0.0,0.0,1.0,0.0,0.0,1.0,0.05766414657403618,0,0.04511278195488718,0.12718397613099874
0.07736389684813756,0.11764705882352944,1.0,0.9819706120977193,1.0,1.0,0.01851851851851852,0.0,1.0,0.0,1.0,0.0,1.0,0.0,0.0,1.0,0.0,0.8810107614766378,1,1.0,0.989870606456468
0.08022922636103154,0.3529411764705883,0.6000000000000001,0.23393130803209228,0.2142857142857142,0.4210526315789471,0.44444444444444453,0.0,1.0,0.0,0.0,1.0,0.0,1.0,0.0,0.0,1.0,0.3800091348349719,0,0.09022556390977435,0.37399293763058683
0.08309455587392552,0.5882352941176472,0.2,0.04480302893716753,0.0714285714285714,0.05263157894736836,0.18518518518518523,1.0,0.0,1.0,0.0,0.0,1.0,0.0,1.0,0.0,0.0,0.07083503609862407,0,0.0037593984962405957,0.0872032687152835
0.08595988538681949,0.23529411764705888,0.8,0.7031461281889478,0.6428571428571428,0.7894736842105261,0.20370370370370375,1.0,0.0,0.0,1.0,0.0,0.0,1.0,0.0,1.0,0.0,0.8172207316856486,1,0.507518796992481,0.8132868356800982
0.08882521489971347,0.41176470588235303,0.4,0.3785720724781394,0.4285714285714285,0.6315789473684208,0.0925925925925926,0.0,1.0,0.0,0.0,1.0,1.0,0.0,0.0,1.0,0.0,0.4546723879580441,1,0.2706766917293231,0.5380120554413272
0.0916905444126075,0.9411764705882355,0.0,0.09880104570449827,0.1428571428571428,0.26315789473684204,0.5185185185185186,1.0,0.0,1.0,0.0,0.0,0.0,1.0,0.0,0.0,1.0,0.1354720065386188,0,0.037593984962405985,0.1805988464024706
0.0945558739255015,0.17647058823529416,1.0,0.864869737672406,0.7857142857142856,0.8947368421052628,0.01851851851851852,0.0,1.0,0.0,1.0,0.0,1.0,0.0,0.0,1.0,0.0,0.9246805612314402,1,0.7030075187969921,0.9206004745862435
0.09742120343839547,0.0,0.6000000000000001,0.2522311367529072,0.3571428571428571,0.4736842105263155,0.7037037037037038,0.0,1.0,0.0,0.0,1.0,0.0,1.0,0.0,0.0,1.0,0.2708508090823707,0,0.16917293233082695,0.3967929181557057
0.10028653295128945,0.7058823529411766,0.2,0.027134228792932424,0.0714285714285714,0.10526315789473695,0.27777777777777785,1.0,0.0,1.0,0.0,0.0,1.0,0.0,1.0,0.0,0.0,0.02455614584752297,0,0.007518796992481207,0.053989783417589976
0.10315186246418342,0.3529411764705883,0.8,0.6756513116379698,0.5,0.736842105263158,0.24074074074074078,1.0,0.0,0.0,1.0,0.0,0.0,1.0,0.0,1.0,0.0,0.9404194316331627,1,0.368421052631579,0.793446268256031
0.1060171919770774,0.47058823529411775,0.4,0.35103218245740564,0.2857142857142857,0.5789473684210522,0.14814814814814814,0.0,1.0,0.0,0.0,1.0,1.0,0.0,1.0,0.0,0.0,0.5580226732658282,1,0.16541353383458635,0.5093729588622367
0.10888252148997138,1.0,0.0,0.08108717209050748,0.2142857142857142,0.1578947368421051,0.5740740740740742,1.0,0.0,1.0,0.0,0.0,0.0,1.0,0.0,0.0,1.0,0.026771476878450606,0,0.03383458646616536,0.15119887141582566
0.11174785100286536,0.23529411764705888,1.0,0.9462724240512034,0.9285714285714284,0.9473684210526314,0.055555555555555566,0.0,1.0,0.0,1.0,0.0,1.0,0.0,0.0,1.0,0.0,0.8993426064669767,1,0.8796992481203004,0.9694100074372871
0.11461318051575933,0.05882352941176472,0.6000000000000001,0.26106553682502476,0.4285714285714285,0.5263157894736841,0.814814814814815,0.0,1.0,0.0,0.0,1.0,0.0,1.0,0.0,0.0,1.0,0.22383871407165246,0,0.225563909774436,0.4075613492776764
0.11747851002865331,0.6470588235294117,0.2,0.009014693951140351,0.0,0.05263157894736836,0.22222222222222224,1.0,0.0,1.0,0.0,0.0,1.0,0.0,1.0,0.0,0.0,0.04806663163835201,0,0.0,0.01836256889736454
0.12034383954154734,0.2941176470588236,0.8,0.6488776706030829,0.5714285714285714,0.7894736842105261,0.3148148148148148,1.0,0.0,0.0,1.0,0.0,0.0,1.0,0.0,1.0,0.0,0.803655682282572,1,0.45112781954887204,0.7736188606073622
0.12320916905444132,0.5294117647058822,0.4,0.36969259893626605,0.3571428571428571,0.6842105263157894,0.055555555555555566,0.0,1.0,0.0,0.0,1.0,1.0,0.0,1.0,0.0,0.0,0.5137404197047581,1,0.24436090225563903,0.5288947168863096
0.1260744985673353,0.8823529411764706,0.0,0.06260704949066975,0.1428571428571428,0.3157894736842104,0.5370370370370372,1.0,0.0,1.0,0.0,0.0,0.0,1.0,0.0,0.0,1.0,0.046596172183626106,0,0.04511278195488718,0.11927367152896551
0.12893982808022927,0.11764705882352944,1.0,0.9729559181465789,1.0,1.0,0.0,0.0,1.0,0.0,1.0,0.0,1.0,0.0,0.0,1.0,0.0,0.8683616478875977,1,1.0,0.984755186323051
0.13180515759312325,0.3529411764705883,0.6000000000000001,0.24294600198323257,0.2142857142857142,0.4210526315789471,0.42592592592592604,0.0,1.0,0.0,0.0,1.0,0.0,1.0,0.0,0.0,1.0,0.4008429689816262,0,0.09022556390977435,0.3853093519596369
0.13467048710601723,0.5882352941176472,0.2,0.05381772288830794,0.0714285714285714,0.0,0.16666666666666669,1.0,0.0,1.0,0.0,0.0,1.0,0.0,1.0,0.0,0.0,0.09444671479816558,0,0.0,0.10360936656762298
0.1375358166189112,0.23529411764705888,0.8,0.6941314342378077,0.6428571428571428,0.8947368421052628,0.18518518518518523,1.0,0.0,0.0,1.0,0.0,0.0,1.0,0.0,1.0,0.0,0.8018218107946433,1,0.5751879699248118,0.806838237054663
0.14040114613180518,0.47058823529411775,0.4,0.34201748850626523,0.2857142857142857,0.5263157894736841,0.11111111111111116,0.0,1.0,0.0,0.0,1.0,1.0,0.0,1.0,0.0,0.0,0.538346274349544,1,0.15037593984962402,0.49976073558329315
0.14326647564469916,1.0,0.0,0.08559451906607768,0.2142857142857142,0.1578947368421051,0.5555555555555557,1.0,0.0,1.0,0.0,0.0,0.0,1.0,0.0,0.0,1.0,0.037188393951777865,0,0.03383458646616536,0.1587875816538986
0.14613180515759314,0.23529411764705888,1.0,0.9552871180023438,0.9285714285714284,0.9473684210526314,0.07407407407407408,0.0,1.0,0.0,1.0,0.0,1.0,0.0,0.0,1.0,0.0,0.9124602057444995,1,0.8796992481203004,0.9746286785749882
0.14899713467048717,0.05882352941176472,0.6000000000000001,0.27008023077616505,0.4285714285714285,0.5789473684210522,0.8333333333333336,0.0,1.0,0.0,0.0,1.0,0.0,1.0,0.0,0.0,1.0,0.2415474730963083,0,0.24812030075187946,0.418395549985739
0.15186246418338115,0.6470588235294117,0.2,0.018029387902280702,0.0,0.21052631578947367,0.25925925925925936,1.0,0.0,1.0,0.0,0.0,1.0,0.0,1.0,0.0,0.0,0.07336485881643218,0,0.0,0.03629485969373469
0.15472779369627512,0.2941176470588236,0.8,0.6578923645542233,0.5714285714285714,0.8421052631578942,0.3333333333333334,1.0,0.0,0.0,1.0,0.0,0.0,1.0,0.0,1.0,0.0,0.8197545541231686,1,0.4812030075187967,0.7803522768811693
0.1575931232091691,0.5294117647058822,0.4,0.36067790498512575,0.3571428571428571,0.6842105263157894,0.07407407407407408,0.0,1.0,0.0,0.0,1.0,1.0,0.0,1.0,0.0,0.0,0.495099620731436,1,0.24436090225563903,0.5195260706131837
0.16045845272206308,0.8823529411764706,0.0,0.06711439646623996,0.1428571428571428,0.3157894736842104,0.5555555555555557,1.0,0.0,1.0,0.0,0.0,0.0,1.0,0.0,0.0,1.0,0.05766414657403618,0,0.04511278195488718,0.12718397613099874
0.16332378223495705,0.11764705882352944,1.0,0.9819706120977193,1.0,1.0,0.01851851851851852,0.0,1.0,0.0,1.0,0.0,1.0,0.0,0.0,1.0,0.0,0.8810107614766378,1,1.0,0.989870606456468
0.16618911174785103,0.3529411764705883,0.6000000000000001,0.23393130803209228,0.2142857142857142,0.4210526315789471,0.44444444444444453,0.0,1.0,0.0,0.0,1.0,0.0,1.0,0.0,0.0,1.0,0.3800091348349719,0,0.09022556390977435,0.37399293763058683
0.169054441260745,0.5882352941176472,0.2,0.04480302893716753,0.0714285714285714,0.05263157894736836,0.18518518518518523,1.0,0.0,1.0,0.0,0.0,1.0,0.0,1.0,0.0,0.0,0.07083503609862407,0,0.0037593984962405957,0.0872032687152835
0.17191977077363899,0.23529411764705888,0.8,0.7031461281889478,0.6428571428571428,0.7894736842105261,0.20370370370370375,1.0,0.0,0.0,1.0,0.0,0.0,1.0,0.0,1.0,0.0,0.8172207316856486,1,0.507518796992481,0.8132868356800982
0.17478510028653296,0.41176470588235303,0.4,0.3785720724781394,0.4285714285714285,0.6315789473684208,0.0925925925925926,0.0,1.0,0.0,0.0,1.0,1.0,0.0,0.0,1.0,0.0,0.4546723879580441,1,0.2706766917293231,0.5380120554413272
0.177650429799427,0.9411764705882355,0.0,0.09880104570449827,0.1428571428571428,0.26315789473684204,0.5185185185185186,1.0,0.0,1.0,0.0,0.0,0.0,1.0,0.0,0.0,1.0,0.1354720065386188,0,0.037593984962405985,0.1805988464024706
0.18051575931232097,0.17647058823529416,1.0,0.864869737672406,0.7857142857142856,0.8947368421052628,0.01851851851851852,0.0,1.0,0.0,1.0,0.0,1.0,0.0,0.0,1.0,0.0,0.9246805612314402,1,0.7030075187969921,0.9206004745862435
0.18338108882521495,0.0,0.6000000000000001,0.2522311367529072,0.3571428571428571,0.4736842105263155,0.7037037037037038,0.0,1.0,0.0,0.0,1.0,0.0,1.0,0.0,0.0,1.0,0.2708508090823707,0,0.16917293233082695,0.3967929181557057
0.18624641833810893,0.7058823529411766,0.2,0.027134228792932424,0.0714285714285714,0.10526315789473695,0.27777777777777785,1.0,0.0,1.0,0.0,0.0,1.0,0.0,1.0,0.0,0.0,0.02455614584752297,0,0.007518796992481207,0.053989783417589976
0.18911174785100293,0.3529411764705883,0.8,0.6756513116379698,0.5,0.736842105263158,0.24074074074074078,1.0,0.0,0.0,1.0,0.0,0.0,1.0,0.0,1.0,0.0,0.9404194316331627,1,0.368421052631579,0.793446268256031
0.1919770773638969,0.47058823529411775,0.4,0.35103218245740564,0.2857142857142857,0.5789473684210522,0.14814814814814814,0.0,1.0,0.0,0.0,1.0,1.0,0.0,1.0,0.0,0.0,0.5580226732658282,1,0.16541353383458635,0.5093729588622367
0.19484240687679089,1.0,0.0,0.08108717209050748,0.2142857142857142,0.1578947368421051,0.5740740740740742,1.0,0.0,1.0,0.0,0.0,0.0,1.0,0.0,0.0,1.0,0.026771476878450606,0,0.03383458646616536,0.15119887141582566
0.19770773638968486,0.23529411764705888,1.0,0.9462724240512034,0.9285714285714284,0.9473684210526314,0.055555555555555566,0.0,1.0,0.0,1.0,0.0,1.0,0.0,0.0,1.0,0.0,0.8993426064669767,1,0.8796992481203004,0.9694100074372871
0.20057306590257884,0.05882352941176472,0.6000000000000001,0.26106553682502476,0.4285714285714285,0.5263157894736841,0.814814814814815,0.0,1.0,0.0,0.0,1.0,0.0,1.0,0.0,0.0,1.0,0.22383871407165246,0,0.225563909774436,0.4075613492776764
0.20343839541547282,0.6470588235294117,0.2,0.009014693951140351,0.0,0.05263157894736836,0.22222222222222224,1.0,0.0,1.0,0.0,0.0,1.0,0.0,0.0,1.0,0.0,0.04806663163835201,0,0.0,0.01836256889736454
0.20630372492836685,0.2941176470588236,0.8,0.6488776706030829,0.5714285714285714,0.7894736842105261,0.3148148148148148,1.0,0.0,0.0,1.0,0.0,0.0,1.0,0.0,1.0,0.0,0.803655682282572,1,0.45112781954887204,0.7736188606073622
0.20916905444126083,0.5294117647058822,0.4,0.36969259893626605,0.3571428571428571,0.6842105263157894,0.055555555555555566,0.0,1.0,0.0,0.0,1.0,1.0,0.0,1.0,0.0,0.0,0.5137404197047581,1,0.24436090225563903,0.5288947168863096
0.2120343839541548,0.8823529411764706,0.0,0.06260704949066975,0.1428571428571428,0.3157894736842104,0.5370370370370372,1.0,0.0,1.0,0.0,0.0,0.0,1.0,0.0,0.0,1.0,0.046596172183626106,0,0.04511278195488718,0.11927367152896551
0.21489971346704878,0.11764705882352944,1.0,0.9729559181465789,1.0,1.0,0.0,0.0,1.0,0.0,1.0,0.0,1.0,0.0,0.0,1.0,0.0,0.8683616478875977,1,1.0,0.984755186323051
0.21776504297994276,0.3529411764705883,0.6000000000000001,0.24294600198323257,0.2142857142857142,0.4210526315789471,0.42592592592592604,0.0,1.0,0.0,0.0,1.0,0.0,1.0,0.0,0.0,1.0,0.4008429689816262,0,0.09022556390977435,0.3853093519596369
0.22063037249283673,0.5882352941176472,0.2,0.05381772288830794,0.0714285714285714,0.0,0.16666666666666669,1.0,0.0,1.0,0.0,0.0,1.0,0.0,1.0,0.0,0.0,0.09444671479816558,0,0.0,0.10360936656762298
0.2234957020057307,0.23529411764705888,0.8,0.6941314342378077,0.6428571428571428,0.8947368421052628,0.18518518518518523,1.0,0.0,0.0,1.0,0.0,0.0,1.0,0.0,1.0,0.0,0.8018218107946433,1,0.5751879699248118,0.806838237054663
0.2263610315186247,0.47058823529411775,0.4,0.34201748850626523,0.2857142857142857,0.5263157894736841,0.11111111111111116,0.0,1.0,0.0,0.0,1.0,1.0,0.0,1.0,0.0,0.0,0.538346274349544,1,0.15037593984962402,0.49976073558329315
0.22922636103151867,1.0,0.0,0.08559451906607768,0.2142857142857142,0.1578947368421051,0.5555555555555557,1.0,0.0,1.0,0.0,0.0,0.0,1.0,0.0,0.0,1.0,0.037188393951777865,0,0.03383458646616536,0.1587875816538986
0.23209169054441264,0.23529411764705888,1.0,0.9552871180023438,0.9285714285714284,0.9473684210526314,0.07407407407407408,0.0,1.0,0.0,1.0,0.0,1.0,0.0,0.0,1.0,0.0,0.9124602057444995,1,0.8796992481203004,0.9746286785749882
0.23495702005730662,0.05882352941176472,0.6000000000000001,0.27008023077616505,0.4285714285714285,0.5789473684210522,0.8333333333333336,0.0,1.0,0.0,0.0,1.0,0.0,1.0,0.0,0.0,1.0,0.2415474730963083,0,0.24812030075187946,0.418395549985739
0.2378223495702006,0.6470588235294117,0.2,0.018029387902280702,0.0,0.21052631578947367,0.25925925925925936,1.0,0.0,1.0,0.0,0.0,1.0,0.0,1.0,0.0,0.0,0.07336485881643218,0,0.0,0.03629485969373469
0.24068767908309457,0.2941176470588236,0.8,0.6578923645542233,0.5714285714285714,0.8421052631578942,0.3333333333333334,1.0,0.0,0.0,1.0,0.0,0.0,1.0,0.0,1.0,0.0,0.8197545541231686,1,0.4812030075187967,0.7803522768811693
0.24355300859598855,0.5294117647058822,0.4,0.36067790498512575,0.3571428571428571,0.6842105263157894,0.07407407407407408,0.0,1.0,0.0,0.0,1.0,1.0,0.0,1.0,0.0,0.0,0.495099620731436,1,0.24436090225563903,0.5195260706131837
0.24641833810888253,0.8823529411764706,0.0,0.06711439646623996,0.1428571428571428,0.3157894736842104,0.5555555555555557,1.0,0.0,1.0,0.0,0.0,0.0,1.0,0.0,0.0,1.0,0.05766414657403618,0,0.04511278195488718,0.12718397613099874
0.24928366762177662,0.11764705882352944,1.0,0.9819706120977193,1.0,1.0,0.01851851851851852,0.0,1.0,0.0,1.0,0.0,1.0,0.0,0.0,1.0,0.0,0.8810107614766378,1,1.0,0.989870606456468
0.2521489971346706,0.3529411764705883,0.6000000000000001,0.23393130803209228,0.2142857142857142,0.4210526315789471,0.44444444444444453,0.0,1.0,0.0,0.0,1.0,0.0,1.0,0.0,0.0,1.0,0.3800091348349719,0,0.09022556390977435,0.37399293763058683
0.25501432664756457,0.5882352941176472,0.2,0.04480302893716753,0.0714285714285714,0.05263157894736836,0.18518518518518523,1.0,0.0,1.0,0.0,0.0,1.0,0.0,1.0,0.0,0.0,0.07083503609862407,0,0.0037593984962405957,0.0872032687152835
0.25787965616045855,0.23529411764705888,0.8,0.7031461281889478,0.6428571428571428,0.7894736842105261,0.20370370370370375,1.0,0.0,0.0,1.0,0.0,0.0,1.0,0.0,1.0,0.0,0.8172207316856486,1,0.507518796992481,0.8132868356800982
0.2607449856733525,0.41176470588235303,0.4,0.3785720724781394,0.4285714285714285,0.6315789473684208,0.0925925925925926,0.0,1.0,0.0,0.0,1.0,1.0,0.0,0.0,1.0,0.0,0.4546723879580441,1,0.2706766917293231,0.5380120554413272
0.2636103151862465,0.9411764705882355,0.0,0.09880104570449827,0.1428571428571428,0.26315789473684204,0.5185185185185186,1.0,0.0,1.0,0.0,0.0,0.0,1.0,0.0,0.0,1.0,0.1354720065386188,0,0.037593984962405985,0.1805988464024706
0.2664756446991405,0.17647058823529416,1.0,0.864869737672406,0.7857142857142856,0.8947368421052628,0.01851851851851852,0.0,1.0,0.0,1.0,0.0,1.0,0.0,0.0,1.0,0.0,0.9246805612314402,1,0.7030075187969921,0.9206004745862435
0.26934097421203446,0.0,0.6000000000000001,0.2522311367529072,0.3571428571428571,0.4736842105263155,0.7037037037037038,0.0,1.0,0.0,0.0,1.0,0.0,1.0,0.0,0.0,1.0,0.2708508090823707,0,0.16917293233082695,0.3967929181557057
0.27220630372492843,0.7058823529411766,0.2,0.027134228792932424,0.0714285714285714,0.10526315789473695,0.27777777777777785,1.0,0.0,1.0,0.0,0.0,1.0,0.0,1.0,0.0,0.0,0.02455614584752297,0,0.007518796992481207,0.053989783417589976
0.2750716332378224,0.3529411764705883,0.8,0.6756513116379698,0.5,0.736842105263158,0.24074074074074078,1.0,0.0,0.0,1.0,0.0,0.0,1.0,0.0,1.0,0.0,0.9404194316331627,1,0.368421052631579,0.793446268256031
0.2779369627507164,0.47058823529411775,0.4,0.35103218245740564,0.2857142857142857,0.5789473684210522,0.14814814814814814,0.0,1.0,0.0,0.0,1.0,1.0,0.0,1.0,0.0,0.0,0.5580226732658282,1,0.16541353383458635,0.5093729588622367
0.28080229226361036,1.0,0.0,0.08108717209050748,0.2142857142857142,0.1578947368421051,0.5740740740740742,1.0,0.0,1.0,0.0,0.0,0.0,1.0,0.0,0.0,1.0,0.026771476878450606,0,0.03383458646616536,0.15119887141582566
0.28366762177650434,0.23529411764705888,1.0,0.9462724240512034,0.9285714285714284,0.9473684210526314,0.055555555555555566,0.0,1.0,0.0,1.0,0.0,1.0,0.0,0.0,1.0,0.0,0.8993426064669767,1,0.8796992481203004,0.9694100074372871
0.2865329512893983,0.05882352941176472,0.6000000000000001,0.26106553682502476,0.4285714285714285,0.5263157894736841,0.814814814814815,0.0,1.0,0.0,0.0,1.0,0.0,1.0,0.0,0.0,1.0,0.22383871407165246,0,0.225563909774436,0.4075613492776764
0.2893982808022923,0.6470588235294117,0.2,0.009014693951140351,0.0,0.05263157894736836,0.22222222222222224,1.0,0.0,1.0,0.0,0.0,1.0,0.0,1.0,0.0,0.0,0.04806663163835201,0,0.0,0.01836256889736454
0.2922636103151863,0.2941176470588236,0.8,0.6488776706030829,0.5714285714285714,0.7894736842105261,0.3148148148148148,1.0,0.0,0.0,1.0,0.0,0.0,1.0,0.0,1.0,0.0,0.803655682282572,1,0.45112781954887204,0.7736188606073622
0.29512893982808025,0.5294117647058822,0.4,0.36969259893626605,0.3571428571428571,0.6842105263157894,0.055555555555555566,0.0,1.0,0.0,0.0,1.0,1.0,0.0,1.0,0.0,0.0,0.5137404197047581,1,0.24436090225563903,0.5288947168863096
0.2979942693409742,0.8823529411764706,0.0,0.06260704949066975,0.1428571428571428,0.3157894736842104,0.5370370370370372,1.0,0.0,1.0,0.0,0.0,0.0,1.0,0.0,0.0,1.0,0.046596172183626106,0,0.04511278195488718,0.11927367152896551
0.3008595988538682,0.11764705882352944,1.0,0.9729559181465789,1.0,1.0,0.0,0.0,1.0,0.0,1.0,0.0,1.0,0.0,0.0,1.0,0.0,0.8683616478875977,1,1.0,0.984755186323051
0.3037249283667623,0.3529411764705883,0.6000000000000001,0.24294600198323257,0.2142857142857142,0.4210526315789471,0.42592592592592604,0.0,1.0,0.0,0.0,1.0,0.0,1.0,0.0,0.0,1.0,0.4008429689816262,0,0.09022556390977435,0.3853093519596369
0.30659025787965627,0.5882352941176472,0.2,0.05381772288830794,0.0714285714285714,0.0,0.16666666666666669,1.0,0.0,1.0,0.0,0.0,1.0,0.0,1.0,0.0,0.0,0.09444671479816558,0,0.0,0.10360936656762298
0.30945558739255025,0.23529411764705888,0.8,0.6941314342378077,0.6428571428571428,0.8947368421052628,0.18518518518518523,1.0,0.0,0.0,1.0,0.0,0.0,1.0,0.0,1.0,0.0,0.8018218107946433,1,0.5751879699248118,0.806838237054663
0.3123209169054442,0.47058823529411775,0.4,0.34201748850626523,0.2857142857142857,0.5263157894736841,0.11111111111111116,0.0,1.0,0.0,0.0,1.0,1.0,0.0,1.0,0.0,0.0,0.538346274349544,1,0.15037593984962402,0.49976073558329315
0.3151862464183382,1.0,0.0,0.08559451906607768,0.2142857142857142,0.1578947368421051,0.5555555555555557,1.0,0.0,1.0,0.0,0.0,0.0,1.0,0.0,0.0,1.0,0.037188393951777865,0,0.03383458646616536,0.1587875816538986
0.3180515759312322,0.23529411764705888,1.0,0.9552871180023438,0.9285714285714284,0.9473684210526314,0.07407407407407408,0.0,1.0,0.0,1.0,0.0,1.0,0.0,0.0,1.0,0.0,0.9124602057444995,1,0.8796992481203004,0.9746286785749882
0.32091690544412615,0.05882352941176472,0.6000000000000001,0.27008023077616505,0.4285714285714285,0.5789473684210522,0.8333333333333336,0.0,1.0,0.0,0.0,1.0,0.0,1.0,0.0,0.0,1.0,0.2415474730963083,0,0.24812030075187946,0.418395549985739
0.32378223495702013,0.6470588235294117,0.2,0.018029387902280702,0.0,0.21052631578947367,0.25925925925925936,1.0,0.0,1.0,0.0,0.0,1.0,0.0,1.0,0.0,0.0,0.07336485881643218,0,0.0,0.03629485969373469
0.3266475644699141,0.2941176470588236,0.8,0.6578923645542233,0.5714285714285714,0.8421052631578942,0.3333333333333334,1.0,0.0,0.0,1.0,0.0,0.0,1.0,0.0,1.0,0.0,0.8197545541231686,1,0.4812030075187967,0.7803522768811693
0.3295128939828081,0.5294117647058822,0.4,0.36067790498512575,0.3571428571428571,0.6842105263157894,0.07407407407407408,0.0,1.0,0.0,0.0,1.0,1.0,0.0,1.0,0.0,0.0,0.495099620731436,1,0.24436090225563903,0.5195260706131837
0.33237822349570206,0.8823529411764706,0.0,0.06711439646623996,0.1428571428571428,0.3157894736842104,0.5555555555555557,1.0,0.0,1.0,0.0,0.0,0.0,1.0,0.0,0.0,1.0,0.05766414657403618,0,0.04511278195488718,0.12718397613099874
0.33524355300859604,0.11764705882352944,1.0,0.9819706120977193,1.0,1.0,0.01851851851851852,0.0,1.0,0.0,1.0,0.0,1.0,0.0,0.0,1.0,0.0,0.8810107614766378,1,1.0,0.989870606456468
0.33810888252149,0.3529411764705883,0.6000000000000001,0.23393130803209228,0.2142857142857142,0.4210526315789471,0.44444444444444453,0.0,1.0,0.0,0.0,1.0,0.0,1.0,0.0,0.0,1.0,0.3800091348349719,0,0.09022556390977435,0.37399293763058683
0.340974212034384,0.5882352941176472,0.2,0.04480302893716753,0.0714285714285714,0.05263157894736836,0.18518518518518523,1.0,0.0,1.0,0.0,0.0,1.0,0.0,1.0,0.0,0.0,0.07083503609862407,0,0.0037593984962405957,0.0872032687152835
0.34383954154727797,0.23529411764705888,0.8,0.7031461281889478,0.6428571428571428,0.7894736842105261,0.20370370370370375,1.0,0.0,0.0,1.0,0.0,0.0,1.0,0.0,1.0,0.0,0.8172207316856486,1,0.507518796992481,0.8132868356800982
0.34670487106017195,0.41176470588235303,0.4,0.3785720724781394,0.4285714285714285,0.6315789473684208,0.0925925925925926,0.0,1.0,0.0,0.0,1.0,1.0,0.0,0.0,1.0,0.0,0.4546723879580441,1,0.2706766917293231,0.5380120554413272
0.3495702005730659,0.9411764705882355,0.0,0.09880104570449827,0.1428571428571428,0.26315789473684204,0.5185185185185186,1.0,0.0,1.0,0.0,0.0,0.0,1.0,0.0,0.0,1.0,0.1354720065386188,0,0.037593984962405985,0.1805988464024706
0.3524355300859599,0.17647058823529416,1.0,0.864869737672406,0.7857142857142856,0.8947368421052628,0.01851851851851852,0.0,1.0,0.0,1.0,0.0,1.0,0.0,0.0,1.0,0.0,0.9246805612314402,1,0.7030075187969921,0.9206004745862435
0.3553008595988539,0.0,0.6000000000000001,0.2522311367529072,0.3571428571428571,0.4736842105263155,0.7037037037037038,0.0,1.0,0.0,0.0,1.0,0.0,1.0,0.0,0.0,1.0,0.2708508090823707,0,0.16917293233082695,0.3967929181557057
0.35816618911174786,0.7058823529411766,0.2,0.027134228792932424,0.0714285714285714,0.10526315789473695,0.27777777777777785,1.0,0.0,1.0,0.0,0.0,1.0,0.0,1.0,0.0,0.0,0.02455614584752297,0,0.007518796992481207,0.053989783417589976
0.36103151862464194,0.3529411764705883,0.8,0.6756513116379698,0.5,0.736842105263158,0.24074074074074078,1.0,0.0,0.0,1.0,0.0,0.0,1.0,0.0,1.0,0.0,0.9404194316331627,1,0.368421052631579,0.793446268256031
0.3638968481375359,0.47058823529411775,0.4,0.35103218245740564,0.2857142857142857,0.5789473684210522,0.14814814814814814,0.0,1.0,0.0,0.0,1.0,1.0,0.0,1.0,0.0,0.0,0.5580226732658282,1,0.16541353383458635,0.5093729588622367
0.3667621776504299,1.0,0.0,0.08108717209050748,0.2142857142857142,0.1578947368421051,0.5740740740740742,1.0,0.0,1.0,0.0,0.0,0.0,1.0,0.0,0.0,1.0,0.026771476878450606,0,0.03383458646616536,0.15119887141582566
0.3696275071633239,0.23529411764705888,1.0,0.9462724240512034,0.9285714285714284,0.9473684210526314,0.055555555555555566,0.0,1.0,0.0,1.0,0.0,1.0,0.0,0.0,1.0,0.0,0.8993426064669767,1,0.8796992481203004,0.9694100074372871
0.37249283667621785,0.05882352941176472,0.6000000000000001,0.26106553682502476,0.4285714285714285,0.5263157894736841,0.814814814814815,0.0,1.0,0.0,0.0,1.0,0.0,1.0,0.0,0.0,1.0,0.22383871407165246,0,0.225563909774436,0.4075613492776764
0.3753581661891119,0.6470588235294117,0.2,0.009014693951140351,0.0,0.05263157894736836,0.22222222222222224,1.0,0.0,1.0,0.0,0.0,1.0,0.0,1.0,0.0,0.0,0.04806663163835201,0,0.0,0.01836256889736454
0.37822349570200586,0.2941176470588236,0.8,0.6488776706030829,0.5714285714285714,0.7894736842105261,0.3148148148148148,1.0,0.0,0.0,1.0,0.0,0.0,1.0,0.0,1.0,0.0,0.803655682282572,1,0.45112781954887204,0.7736188606073622
0.38108882521489984,0.5294117647058822,0.4,0.36969259893626605,0.3571428571428571,0.6842105263157894,0.055555555555555566,0.0,1.0,0.0,0.0,1.0,1.0,0.0,1.0,0.0,0.0,0.5137404197047581,1,0.24436090225563903,0.5288947168863096
0.3839541547277938,0.8823529411764706,0.0,0.06260704949066975,0.1428571428571428,0.3157894736842104,0.5370370370370372,1.0,0.0,1.0,0.0,0.0,0.0,1.0,0.0,0.0,1.0,0.046596172183626106,0,0.04511278195488718,0.11927367152896551
0.3868194842406878,0.11764705882352944,1.0,0.9729559181465789,1.0,1.0,0.0,0.0,1.0,0.0,1.0,0.0,1.0,0.0,0.0,1.0,0.0,0.8683616478875977,1,1.0,0.984755186323051
0.38968481375358177,0.3529411764705883,0.6000000000000001,0.24294600198323257,0.2142857142857142,0.4210526315789471,0.42592592592592604,0.0,1.0,0.0,0.0,1.0,0.0,1.0,0.0,0.0,1.0,0.4008429689816262,0,0.09022556390977435,0.3853093519596369
0.39255014326647575,0.5882352941176472,0.2,0.05381772288830794,0.0714285714285714,0.0,0.16666666666666669,1.0,0.0,1.0,0.0,0.0,1.0,0.0,1.0,0.0,0.0,0.09444671479816558,0,0.0,0.10360936656762298
0.3954154727793697,0.23529411764705888,0.8,0.6941314342378077,0.6428571428571428,0.8947368421052628,0.18518518518518523,1.0,0.0,0.0,1.0,0.0,0.0,1.0,0.0,1.0,0.0,0.8018218107946433,1,0.5751879699248118,0.806838237054663
0.3982808022922637,0.47058823529411775,0.4,0.34201748850626523,0.2857142857142857,0.5263157894736841,0.11111111111111116,0.0,1.0,0.0,0.0,1.0,1.0,0.0,1.0,0.0,0.0,0.538346274349544,1,0.15037593984962402,0.49976073558329315
0.4011461318051577,1.0,0.0,0.08559451906607768,0.2142857142857142,0.1578947368421051,0.5555555555555557,1.0,0.0,1.0,0.0,0.0,0.0,1.0,0.0,0.0,1.0,0.037188393951777865,0,0.03383458646616536,0.1587875816538986
0.40401146131805166,0.23529411764705888,1.0,0.9552871180023438,0.9285714285714284,0.9473684210526314,0.07407407407407408,0.0,1.0,0.0,1.0,0.0,1.0,0.0,0.0,1.0,0.0,0.9124602057444995,1,0.8796992481203004,0.9746286785749882
0.40687679083094563,0.05882352941176472,0.6000000000000001,0.27008023077616505,0.4285714285714285,0.5789473684210522,0.8333333333333336,0.0,1.0,0.0,0.0,1.0,0.0,1.0,0.0,0.0,1.0,0.2415474730963083,0,0.24812030075187946,0.418395549985739
0.4097421203438396,0.6470588235294117,0.2,0.018029387902280702,0.0,0.21052631578947367,0.25925925925925936,1.0,0.0,1.0,0.0,0.0,1.0,0.0,0.0,1.0,0.0,0.07336485881643218,0,0.0,0.03629485969373469
0.4126074498567336,0.2941176470588236,0.8,0.6488776706030829,0.5714285714285714,0.7894736842105261,0.3148148148148148,1.0,0.0,0.0,1.0,0.0,0.0,1.0,0.0,1.0,0.0,0.803655682282572,1,0.45112781954887204,0.7736188606073622
0.41547277936962757,0.5294117647058822,0.4,0.36969259893626605,0.3571428571428571,0.6842105263157894,0.055555555555555566,0.0,1.0,0.0,0.0,1.0,1.0,0.0,1.0,0.0,0.0,0.5137404197047581,1,0.24436090225563903,0.5288947168863096
0.41833810888252165,0.8823529411764706,0.0,0.06260704949066975,0.1428571428571428,0.3157894736842104,0.5370370370370372,1.0,0.0,1.0,0.0,0.0,0.0,1.0,0.0,0.0,1.0,0.046596172183626106,0,0.04511278195488718,0.11927367152896551
0.42120343839541563,0.11764705882352944,1.0,0.9729559181465789,1.0,1.0,0.0,0.0,1.0,0.0,1.0,0.0,1.0,0.0,0.0,1.0,0.0,0.8683616478875977,1,1.0,0.984755186323051
0.4240687679083096,0.3529411764705883,0.6000000000000001,0.24294600198323257,0.2142857142857142,0.4210526315789471,0.42592592592592604,0.0,1.0,0.0,0.0,1.0,0.0,1.0,0.0,0.0,1.0,0.4008429689816262,0,0.09022556390977435,0.3853093519596369
0.4269340974212036,0.5882352941176472,0.2,0.05381772288830794,0.0714285714285714,0.0,0.16666666666666669,1.0,0.0,1.0,0.0,0.0,1.0,0.0,1.0,0.0,0.0,0.09444671479816558,0,0.0,0.10360936656762298
0.42979942693409756,0.23529411764705888,0.8,0.6941314342378077,0.6428571428571428,0.8947368421052628,0.18518518518518523,1.0,0.0,0.0,1.0,0.0,0.0,1.0,0.0,1.0,0.0,0.8018218107946433,1,0.5751879699248118,0.806838237054663
0.43266475644699154,0.47058823529411775,0.4,0.34201748850626523,0.2857142857142857,0.5263157894736841,0.11111111111111116,0.0,1.0,0.0,0.0,1.0,1.0,0.0,1.0,0.0,0.0,0.538346274349544,1,0.15037593984962402,0.49976073558329315
0.4355300859598855,1.0,0.0,0.08559451906607768,0.2142857142857142,0.1578947368421051,0.5555555555555557,1.0,0.0,1.0,0.0,0.0,0.0,1.0,0.0,0.0,1.0,0.037188393951777865,0,0.03383458646616536,0.1587875816538986
0.4383954154727795,0.23529411764705888,1.0,0.9552871180023438,0.9285714285714284,0.9473684210526314,0.07407407407407408,0.0,1.0,0.0,1.0,0.0,1.0,0.0,0.0,1.0,0.0,0.9124602057444995,1,0.8796992481203004,0.9746286785749882
0.44126074498567347,0.05882352941176472,0.6000000000000001,0.27008023077616505,0.4285714285714285,0.5789473684210522,0.8333333333333336,0.0,1.0,0.0,0.0,1.0,0.0,1.0,0.0,0.0,1.0,0.2415474730963083,0,0.24812030075187946,0.418395549985739
0.44412607449856745,0.6470588235294117,0.2,0.018029387902280702,0.0,0.21052631578947367,0.25925925925925936,1.0,0.0,1.0,0.0,0.0,1.0,0.0,1.0,0.0,0.0,0.07336485881643218,0,0.0,0.03629485969373469
0.4469914040114614,0.2941176470588236,0.8,0.6578923645542233,0.5714285714285714,0.8421052631578942,0.3333333333333334,1.0,0.0,0.0,1.0,0.0,0.0,1.0,0.0,1.0,0.0,0.8197545541231686,1,0.4812030075187967,0.7803522768811693
0.4498567335243554,0.5294117647058822,0.4,0.36067790498512575,0.3571428571428571,0.6842105263157894,0.07407407407407408,0.0,1.0,0.0,0.0,1.0,1.0,0.0,1.0,0.0,0.0,0.495099620731436,1,0.24436090225563903,0.5195260706131837
0.4527220630372494,0.8823529411764706,0.0,0.06711439646623996,0.1428571428571428,0.3157894736842104,0.5555555555555557,1.0,0.0,1.0,0.0,0.0,0.0,1.0,0.0,0.0,1.0,0.05766414657403618,0,0.04511278195488718,0.12718397613099874
0.45558739255014336,0.11764705882352944,1.0,0.9819706120977193,1.0,1.0,0.01851851851851852,0.0,1.0,0.0,1.0,0.0,1.0,0.0,0.0,1.0,0.0,0.8810107614766378,1,1.0,0.989870606456468
0.45845272206303733,0.3529411764705883,0.6000000000000001,0.23393130803209228,0.2142857142857142,0.4210526315789471,0.44444444444444453,0.0,1.0,0.0,0.0,1.0,0.0,1.0,0.0,0.0,1.0,0.3800091348349719,0,0.09022556390977435,0.37399293763058683
0.4613180515759313,0.5882352941176472,0.2,0.04480302893716753,0.0714285714285714,0.05263157894736836,0.18518518518518523,1.0,0.0,1.0,0.0,0.0,1.0,0.0,1.0,0.0,0.0,0.07083503609862407,0,0.0037593984962405957,0.0872032687152835
0.4641833810888253,0.23529411764705888,0.8,0.7031461281889478,0.6428571428571428,0.7894736842105261,0.20370370370370375,1.0,0.0,0.0,1.0,0.0,0.0,1.0,0.0,1.0,0.0,0.8172207316856486,1,0.507518796992481,0.8132868356800982
0.46704871060171926,0.41176470588235303,0.4,0.3785720724781394,0.4285714285714285,0.6315789473684208,0.0925925925925926,0.0,1.0,0.0,0.0,1.0,1.0,0.0,0.0,1.0,0.0,0.4546723879580441,1,0.2706766917293231,0.5380120554413272
0.46991404011461324,0.9411764705882355,0.0,0.09880104570449827,0.1428571428571428,0.26315789473684204,0.5185185185185186,1.0,0.0,1.0,0.0,0.0,0.0,1.0,0.0,0.0,1.0,0.1354720065386188,0,0.037593984962405985,0.1805988464024706
0.47277936962750733,0.17647058823529416,1.0,0.864869737672406,0.7857142857142856,0.8947368421052628,0.01851851851851852,0.0,1.0,0.0,1.0,0.0,1.0,0.0,0.0,1.0,0.0,0.9246805612314402,1,0.7030075187969921,0.9206004745862435
0.4756446991404013,0.0,0.6000000000000001,0.2522311367529072,0.3571428571428571,0.4736842105263155,0.7037037037037038,0.0,1.0,0.0,0.0,1.0,0.0,1.0,0.0,0.0,1.0,0.2708508090823707,0,0.16917293233082695,0.3967929181557057
0.4785100286532953,0.7058823529411766,0.2,0.027134228792932424,0.0714285714285714,0.10526315789473695,0.27777777777777785,1.0,0.0,1.0,0.0,0.0,1.0,0.0,1.0,0.0,0.0,0.02455614584752297,0,0.007518796992481207,0.053989783417589976
0.48137535816618926,0.3529411764705883,0.8,0.6756513116379698,0.5,0.736842105263158,0.24074074074074078,1.0,0.0,0.0,1.0,0.0,0.0,1.0,0.0,1.0,0.0,0.9404194316331627,1,0.368421052631579,0.793446268256031
0.48424068767908324,0.47058823529411775,0.4,0.35103218245740564,0.2857142857142857,0.5789473684210522,0.14814814814814814,0.0,1.0,0.0,0.0,1.0,1.0,0.0,1.0,0.0,0.0,0.5580226732658282,1,0.16541353383458635,0.5093729588622367
0.4871060171919772,1.0,0.0,0.08108717209050748,0.2142857142857142,0.1578947368421051,0.5740740740740742,1.0,0.0,1.0,0.0,0.0,0.0,1.0,0.0,0.0,1.0,0.026771476878450606,0,0.03383458646616536,0.15119887141582566
0.4899713467048712,0.23529411764705888,1.0,0.9462724240512034,0.9285714285714284,0.9473684210526314,0.055555555555555566,0.0,1.0,0.0,1.0,0.0,1.0,0.0,0.0,1.0,0.0,0.8993426064669767,1,0.8796992481203004,0.9694100074372871
0.49283667621776517,0.05882352941176472,0.6000000000000001,0.26106553682502476,0.4285714285714285,0.5263157894736841,0.814814814814815,0.0,1.0,0.0,0.0,1.0,0.0,1.0,0.0,0.0,1.0,0.22383871407165246,0,0.225563909774436,0.4075613492776764
0.49570200573065915,0.6470588235294117,0.2,0.018029387902280702,0.0,0.21052631578947367,0.25925925925925936,1.0,0.0,1.0,0.0,0.0,1.0,0.0,1.0,0.0,0.0,0.07336485881643218,0,0.0,0.03629485969373469
0.4985673352435531,0.2941176470588236,0.8,0.6578923645542233,0.5714285714285714,0.7894736842105261,0.3333333333333334,1.0,0.0,0.0,1.0,0.0,0.0,1.0,0.0,1.0,0.0,0.8197545541231686,1,0.45112781954887204,0.7803522768811693
0.5014326647564471,0.5294117647058822,0.4,0.36969259893626605,0.3571428571428571,0.6842105263157894,0.055555555555555566,0.0,1.0,0.0,0.0,1.0,1.0,0.0,1.0,0.0,0.0,0.5137404197047581,1,0.24436090225563903,0.5288947168863096
0.5042979942693411,0.8823529411764706,0.0,0.06260704949066975,0.1428571428571428,0.3157894736842104,0.5370370370370372,1.0,0.0,1.0,0.0,0.0,0.0,1.0,0.0,0.0,1.0,0.046596172183626106,0,0.04511278195488718,0.11927367152896551
0.507163323782235,0.11764705882352944,1.0,0.9729559181465789,1.0,1.0,0.0,0.0,1.0,0.0,1.0,0.0,1.0,0.0,0.0,1.0,0.0,0.8683616478875977,1,1.0,0.984755186323051
0.510028653295129,0.3529411764705883,0.6000000000000001,0.24294600198323257,0.2142857142857142,0.4210526315789471,0.42592592592592604,0.0,1.0,0.0,0.0,1.0,0.0,1.0,0.0,0.0,1.0,0.4008429689816262,0,0.09022556390977435,0.3853093519596369
0.512893982808023,0.5882352941176472,0.2,0.05381772288830794,0.0714285714285714,0.0,0.16666666666666669,1.0,0.0,1.0,0.0,0.0,1.0,0.0,1.0,0.0,0.0,0.09444671479816558,0,0.0,0.10360936656762298
0.515759312320917,0.23529411764705888,0.8,0.6941314342378077,0.6428571428571428,0.8947368421052628,0.18518518518518523,1.0,0.0,0.0,1.0,0.0,0.0,1.0,0.0,1.0,0.0,0.8018218107946433,1,0.5751879699248118,0.806838237054663
0.518624641833811,0.47058823529411775,0.4,0.34201748850626523,0.2857142857142857,0.5263157894736841,0.11111111111111116,0.0,1.0,0.0,0.0,1.0,1.0,0.0,1.0,0.0,0.0,0.538346274349544,1,0.15037593984962402,0.49976073558329315
0.5214899713467049,1.0,0.0,0.08559451906607768,0.2142857142857142,0.1578947368421051,0.5555555555555557,1.0,0.0,1.0,0.0,0.0,0.0,1.0,0.0,0.0,1.0,0.037188393951777865,0,0.03383458646616536,0.1587875816538986
0.5243553008595989,0.23529411764705888,1.0,0.9552871180023438,0.9285714285714284,0.9473684210526314,0.07407407407407408,0.0,1.0,0.0,1.0,0.0,1.0,0.0,0.0,1.0,0.0,0.9124602057444995,1,0.8796992481203004,0.9746286785749882
0.5272206303724929,0.05882352941176472,0.6000000000000001,0.27008023077616505,0.4285714285714285,0.5789473684210522,0.8333333333333336,0.0,1.0,0.0,0.0,1.0,0.0,1.0,0.0,0.0,1.0,0.2415474730963083,0,0.24812030075187946,0.418395549985739
0.530085959885387,0.6470588235294117,0.2,0.018029387902280702,0.0,0.21052631578947367,0.25925925925925936,1.0,0.0,1.0,0.0,0.0,1.0,0.0,1.0,0.0,0.0,0.07336485881643218,0,0.0,0.03629485969373469
0.532951289398281,0.2941176470588236,0.8,0.6488776706030829,0.5714285714285714,0.7894736842105261,0.3148148148148148,1.0,0.0,0.0,1.0,0.0,0.0,1.0,0.0,1.0,0.0,0.803655682282572,1,0.45112781954887204,0.7736188606073622
0.5358166189111749,0.5294117647058822,0.4,0.36969259893626605,0.3571428571428571,0.6842105263157894,0.07407407407407408,0.0,1.0,0.0,0.0,1.0,1.0,0.0,1.0,0.0,0.0,0.5137404197047581,1,0.24436090225563903,0.5288947168863096
0.5386819484240689,0.8823529411764706,0.0,0.06711439646623996,0.1428571428571428,0.3157894736842104,0.5555555555555557,1.0,0.0,1.0,0.0,0.0,0.0,1.0,0.0,0.0,1.0,0.05766414657403618,0,0.04511278195488718,0.12718397613099874
0.5415472779369629,0.11764705882352944,1.0,0.9819706120977193,1.0,1.0,0.01851851851851852,0.0,1.0,0.0,1.0,0.0,1.0,0.0,0.0,1.0,0.0,0.8810107614766378,1,1.0,0.989870606456468
0.5444126074498569,0.3529411764705883,0.6000000000000001,0.23393130803209228,0.2142857142857142,0.4210526315789471,0.44444444444444453,0.0,1.0,0.0,0.0,1.0,0.0,1.0,0.0,0.0,1.0,0.3800091348349719,0,0.09022556390977435,0.37399293763058683
0.5472779369627508,0.5882352941176472,0.2,0.04480302893716753,0.0714285714285714,0.05263157894736836,0.18518518518518523,1.0,0.0,1.0,0.0,0.0,1.0,0.0,1.0,0.0,0.0,0.07083503609862407,0,0.0037593984962405957,0.0872032687152835
0.5501432664756448,0.23529411764705888,0.8,0.7031461281889478,0.6428571428571428,0.7894736842105261,0.20370370370370375,1.0,0.0,0.0,1.0,0.0,0.0,1.0,0.0,1.0,0.0,0.8172207316856486,1,0.507518796992481,0.8132868356800982
0.5530085959885388,0.41176470588235303,0.4,0.3785720724781394,0.4285714285714285,0.6315789473684208,0.0925925925925926,0.0,1.0,0.0,0.0,1.0,1.0,0.0,0.0,1.0,0.0,0.4546723879580441,1,0.2706766917293231,0.5380120554413272
0.5558739255014328,0.9411764705882355,0.0,0.09880104570449827,0.1428571428571428,0.26315789473684204,0.5185185185185186,1.0,0.0,1.0,0.0,0.0,0.0,1.0,0.0,0.0,1.0,0.1354720065386188,0,0.037593984962405985,0.1805988464024706
0.5587392550143268,0.17647058823529416,1.0,0.864869737672406,0.7857142857142856,0.8947368421052628,0.01851851851851852,0.0,1.0,0.0,1.0,0.0,1.0,0.0,0.0,1.0,0.0,0.9246805612314402,1,0.7030075187969921,0.9206004745862435
0.5616045845272207,0.0,0.6000000000000001,0.2522311367529072,0.3571428571428571,0.4736842105263155,0.7037037037037038,0.0,1.0,0.0,0.0,1.0,0.0,1.0,0.0,0.0,1.0,0.2708508090823707,0,0.16917293233082695,0.3967929181557057
0.5644699140401147,0.7058823529411766,0.2,0.027134228792932424,0.0714285714285714,0.10526315789473695,0.27777777777777785,1.0,0.0,1.0,0.0,0.0,1.0,0.0,1.0,0.0,0.0,0.02455614584752297,0,0.007518796992481207,0.053989783417589976
0.5673352435530087,0.3529411764705883,0.8,0.6756513116379698,0.5,0.736842105263158,0.24074074074074078,1.0,0.0,0.0,1.0,0.0,0.0,1.0,0.0,1.0,0.0,0.9404194316331627,1,0.368421052631579,0.793446268256031
0.5702005730659027,0.47058823529411775,0.4,0.35103218245740564,0.2857142857142857,0.5789473684210522,0.14814814814814814,0.0,1.0,0.0,0.0,1.0,1.0,0.0,1.0,0.0,0.0,0.5580226732658282,1,0.16541353383458635,0.5093729588622367
0.5730659025787966,0.5882352941176472,1.0,0.9104840890651761,0.857142857142857,0.8421052631578942,0.03703703703703704,0.0,1.0,0.0,1.0,0.0,1.0,0.0,0.0,1.0,0.0,0.9189483721563818,1,0.7218045112781949,0.94833351037631
0.5759312320916906,0.17647058823529416,0.6000000000000001,0.28810961867844587,0.5,0.5263157894736841,0.7592592592592594,1.0,0.0,0.0,0.0,1.0,0.0,1.0,0.0,0.0,1.0,0.2153722407093881,0,0.26315789473684204,0.4396144072565926
0.5787965616045846,0.5294117647058822,0.2,0.03587848192553861,0.0,0.1578947368421051,0.22222222222222224,1.0,0.0,1.0,0.0,0.0,1.0,0.0,1.0,0.0,0.0,0.12345534862903063,0,0.0,0.07060723989370654
0.5816618911174786,0.2941176470588236,0.8,0.7209952222122059,0.7142857142857142,0.9473684210526314,0.16666666666666669,0.0,1.0,0.0,1.0,0.0,0.0,1.0,0.0,1.0,0.0,0.7700358715887934,1,0.676691729323308,0.8258969571218868
0.5845272206303725,0.05882352941176472,0.4,0.33363382313170464,0.2857142857142857,0.6315789473684208,0.12962962962962965,0.0,1.0,0.0,0.0,1.0,1.0,0.0,1.0,0.0,0.0,0.520047223357399,1,0.18045112781954878,0.49071170643115725
0.5873925501432666,0.9411764705882355,0.0,0.07612909041738031,0.2142857142857142,0.26315789473684204,0.4814814814814816,1.0,0.0,1.0,0.0,0.0,0.0,1.0,0.0,0.0,1.0,0.015312868097790755,0,0.056390977443608985,0.1427634486166216
0.5902578796561606,0.17647058823529416,1.0,0.8828991255746869,0.7857142857142856,0.8947368421052628,0.0,0.0,1.0,0.0,1.0,0.0,1.0,0.0,0.0,1.0,0.0,0.9530145756708897,1,0.7030075187969921,0.9316825558135591
0.5931232091690546,0.0,0.6000000000000001,0.2342017488506265,0.3571428571428571,0.4736842105263155,0.6851851851851853,0.0,1.0,0.0,0.0,1.0,0.0,1.0,0.0,0.0,1.0,0.23356921113572637,0,0.16917293233082695,0.3743348760487457
0.5959885386819486,0.7058823529411766,0.2,0.04516361669521313,0.0714285714285714,0.10526315789473695,0.29629629629629634,1.0,0.0,1.0,0.0,0.0,1.0,0.0,1.0,0.0,0.0,0.07177950324660576,0,0.007518796992481207,0.08786630982831145
0.5988538681948425,0.3529411764705883,0.8,0.6846660055891102,0.5,0.7894736842105261,0.22222222222222224,1.0,0.0,0.0,1.0,0.0,0.0,1.0,0.0,1.0,0.0,0.9572849164185493,1,0.39473684210526305,0.8000082149716699
0.6017191977077365,0.47058823529411775,0.4,0.36004687640854593,0.2857142857142857,0.5263157894736841,0.0925925925925926,0.0,1.0,0.0,0.0,1.0,1.0,0.0,1.0,0.0,0.0,0.5776990721821129,1,0.15037593984962402,0.5188659502965001
0.6045845272206305,1.0,0.0,0.09460921301721803,0.1428571428571428,0.1578947368421051,0.5370370370370372,1.0,0.0,1.0,0.0,0.0,0.0,1.0,0.0,0.0,1.0,0.12517879035553725,0,0.022556390977443573,0.1737429213847861
0.6074498567335245,0.23529411764705888,1.0,0.9372577301000632,0.9285714285714284,0.9473684210526314,0.055555555555555566,0.0,1.0,0.0,1.0,0.0,1.0,0.0,0.0,1.0,0.0,0.8862250071894535,1,0.8796992481203004,0.9641555058018261
0.6103151862464185,0.05882352941176472,0.6000000000000001,0.25205084287388435,0.4285714285714285,0.5789473684210522,0.7962962962962965,0.0,1.0,0.0,0.0,1.0,0.0,1.0,0.0,0.0,1.0,0.20612995504699638,0,0.24812030075187946,0.39657156886801825
0.6131805157593124,0.6470588235294117,0.2,0.009014693951140351,0.0,0.21052631578947367,0.27777777777777785,1.0,0.0,1.0,0.0,0.0,1.0,0.0,1.0,0.0,0.0,0.04806663163835201,0,0.0,0.01836256889736454
0.6160458452722064,0.2941176470588236,0.8,0.6488776706030829,0.5714285714285714,0.7894736842105261,0.3148148148148148,1.0,0.0,0.0,1.0,0.0,0.0,1.0,0.0,1.0,0.0,0.803655682282572,1,0.45112781954887204,0.7736188606073622
0.6189111747851004,0.5294117647058822,0.4,0.36969259893626605,0.3571428571428571,0.6842105263157894,0.07407407407407408,0.0,1.0,0.0,0.0,1.0,1.0,0.0,1.0,0.0,0.0,0.5137404197047581,1,0.24436090225563903,0.5288947168863096
0.6217765042979944,0.8823529411764706,0.0,0.06260704949066975,0.1428571428571428,0.3157894736842104,0.5555555555555557,1.0,0.0,1.0,0.0,0.0,0.0,1.0,0.0,0.0,1.0,0.046596172183626106,0,0.04511278195488718,0.11927367152896551
0.6246418338108883,0.11764705882352944,1.0,0.9729559181465789,1.0,1.0,0.0,0.0,1.0,0.0,1.0,0.0,1.0,0.0,0.0,1.0,0.0,0.8683616478875977,1,1.0,0.984755186323051
0.6275071633237823,0.3529411764705883,0.6000000000000001,0.24294600198323257,0.2142857142857142,0.4210526315789471,0.42592592592592604,0.0,1.0,0.0,0.0,1.0,0.0,1.0,0.0,0.0,1.0,0.4008429689816262,0,0.09022556390977435,0.3853093519596369
0.6303724928366763,0.5882352941176472,0.2,0.05381772288830794,0.0714285714285714,0.0,0.16666666666666669,1.0,0.0,1.0,0.0,0.0,1.0,0.0,1.0,0.0,0.0,0.09444671479816558,0,0.0,0.10360936656762298
0.6332378223495703,0.23529411764705888,0.8,0.6941314342378077,0.6428571428571428,0.8947368421052628,0.18518518518518523,1.0,0.0,0.0,1.0,0.0,0.0,1.0,0.0,1.0,0.0,0.8018218107946433,1,0.5751879699248118,0.806838237054663
0.6361031518624642,0.47058823529411775,0.4,0.34201748850626523,0.2857142857142857,0.5263157894736841,0.11111111111111116,0.0,1.0,0.0,0.0,1.0,1.0,0.0,1.0,0.0,0.0,0.538346274349544,1,0.15037593984962402,0.49976073558329315
0.6389684813753582,1.0,0.0,0.08559451906607768,0.2142857142857142,0.1578947368421051,0.5555555555555557,1.0,0.0,1.0,0.0,0.0,0.0,1.0,0.0,0.0,1.0,0.037188393951777865,0,0.03383458646616536,0.1587875816538986
0.6418338108882523,0.23529411764705888,1.0,0.9552871180023438,0.9285714285714284,0.9473684210526314,0.07407407407407408,0.0,1.0,0.0,1.0,0.0,1.0,0.0,0.0,1.0,0.0,0.9124602057444995,1,0.8796992481203004,0.9746286785749882
0.6446991404011463,0.05882352941176472,0.6000000000000001,0.27008023077616505,0.4285714285714285,0.5789473684210522,0.8333333333333336,0.0,1.0,0.0,0.0,1.0,0.0,1.0,0.0,0.0,1.0,0.2415474730963083,0,0.24812030075187946,0.418395549985739
0.6475644699140403,0.6470588235294117,0.2,0.018029387902280702,0.0,0.21052631578947367,0.25925925925925936,1.0,0.0,1.0,0.0,0.0,1.0,0.0,1.0,0.0,0.0,0.07336485881643218,0,0.0,0.03629485969373469
0.6504297994269342,0.2941176470588236,0.8,0.6578923645542233,0.5714285714285714,0.7894736842105261,0.3333333333333334,1.0,0.0,0.0,1.0,0.0,0.0,1.0,0.0,1.0,0.0,0.8197545541231686,1,0.45112781954887204,0.7803522768811693
0.6532951289398282,0.5294117647058822,0.4,0.36969259893626605,0.3571428571428571,0.6842105263157894,0.07407407407407408,0.0,1.0,0.0,0.0,1.0,1.0,0.0,1.0,0.0,0.0,0.5137404197047581,1,0.24436090225563903,0.5288947168863096
0.6561604584527222,0.8823529411764706,0.0,0.06711439646623996,0.1428571428571428,0.3157894736842104,0.5555555555555557,1.0,0.0,1.0,0.0,0.0,0.0,1.0,0.0,0.0,1.0,0.05766414657403618,0,0.04511278195488718,0.12718397613099874
0.6590257879656162,0.11764705882352944,1.0,0.9819706120977193,1.0,1.0,0.01851851851851852,0.0,1.0,0.0,1.0,0.0,1.0,0.0,0.0,1.0,0.0,0.8810107614766378,1,1.0,0.989870606456468
0.6618911174785101,0.3529411764705883,0.6000000000000001,0.23393130803209228,0.2142857142857142,0.4210526315789471,0.44444444444444453,0.0,1.0,0.0,0.0,1.0,0.0,1.0,0.0,0.0,1.0,0.3800091348349719,0,0.09022556390977435,0.37399293763058683
0.6647564469914041,0.5882352941176472,0.2,0.04480302893716753,0.0714285714285714,0.05263157894736836,0.18518518518518523,1.0,0.0,1.0,0.0,0.0,1.0,0.0,1.0,0.0,0.0,0.07083503609862407,0,0.0037593984962405957,0.0872032687152835
0.6676217765042981,0.23529411764705888,0.8,0.7031461281889478,0.6428571428571428,0.7894736842105261,0.20370370370370375,1.0,0.0,0.0,1.0,0.0,0.0,1.0,0.0,1.0,0.0,0.8172207316856486,1,0.507518796992481,0.8132868356800982
0.6704871060171921,0.41176470588235303,0.4,0.3785720724781394,0.4285714285714285,0.6315789473684208,0.0925925925925926,0.0,1.0,0.0,0.0,1.0,1.0,0.0,0.0,1.0,0.0,0.4546723879580441,1,0.2706766917293231,0.5380120554413272
0.6733524355300861,0.9411764705882355,0.0,0.09880104570449827,0.1428571428571428,0.26315789473684204,0.5185185185185186,1.0,0.0,1.0,0.0,0.0,0.0,1.0,0.0,0.0,1.0,0.1354720065386188,0,0.037593984962405985,0.1805988464024706
0.67621776504298,0.17647058823529416,1.0,0.864869737672406,0.7857142857142856,0.8947368421052628,0.01851851851851852,0.0,1.0,0.0,1.0,0.0,1.0,0.0,0.0,1.0,0.0,0.9246805612314402,1,0.7030075187969921,0.9206004745862435
0.679083094555874,0.0,0.6000000000000001,0.2522311367529072,0.3571428571428571,0.4736842105263155,0.7037037037037038,0.0,1.0,0.0,0.0,1.0,0.0,1.0,0.0,0.0,1.0,0.2708508090823707,0,0.16917293233082695,0.3967929181557057
0.681948424068768,0.7058823529411766,0.2,0.027134228792932424,0.0714285714285714,0.10526315789473695,0.27777777777777785,1.0,0.0,1.0,0.0,0.0,1.0,0.0,1.0,0.0,0.0,0.02455614584752297,0,0.007518796992481207,0.053989783417589976
0.684813753581662,0.3529411764705883,0.8,0.6756513116379698,0.5,0.736842105263158,0.24074074074074078,1.0,0.0,0.0,1.0,0.0,0.0,1.0,0.0,1.0,0.0,0.9404194316331627,1,0.368421052631579,0.793446268256031
0.6876790830945559,0.47058823529411775,0.4,0.35103218245740564,0.2857142857142857,0.5789473684210522,0.14814814814814814,0.0,1.0,0.0,0.0,1.0,1.0,0.0,1.0,0.0,0.0,0.5580226732658282,1,0.16541353383458635,0.5093729588622367
0.6905444126074499,1.0,0.0,0.10362390696835838,0.1428571428571428,0.1578947368421051,0.5740740740740742,1.0,0.0,1.0,0.0,0.0,0.0,1.0,0.0,0.0,1.0,0.1473147391363574,0,0.022556390977443573,0.18841160535368662
0.6934097421203439,0.23529411764705888,1.0,0.9462724240512034,0.9285714285714284,0.9473684210526314,0.03703703703703704,0.0,1.0,0.0,1.0,0.0,1.0,0.0,0.0,1.0,0.0,0.8993426064669767,1,0.8796992481203004,0.9694100074372871
0.6962750716332379,0.05882352941176472,0.6000000000000001,0.27909492472730546,0.4285714285714285,0.5263157894736841,0.851851851851852,0.0,1.0,0.0,0.0,1.0,0.0,1.0,0.0,0.0,1.0,0.2592562321209644,0,0.225563909774436,0.4290785145820655
0.699140401146132,0.6470588235294117,0.2,0.027044081853421054,0.0,0.10526315789473695,0.29629629629629634,1.0,0.0,1.0,0.0,0.0,1.0,0.0,1.0,0.0,0.0,0.09866308599451212,0,0.0,0.05381657641066262
0.7020057306590259,0.2941176470588236,0.8,0.6669070585053637,0.5714285714285714,0.7894736842105261,0.3518518518518519,1.0,0.0,0.0,1.0,0.0,0.0,1.0,0.0,1.0,0.0,0.8358534259637649,1,0.45112781954887204,0.7870269673394183
0.7048710601719199,0.5294117647058822,0.4,0.37870729288740645,0.3571428571428571,0.6842105263157894,0.0925925925925926,0.0,1.0,0.0,0.0,1.0,1.0,0.0,1.0,0.0,0.0,0.5323812186780805,1,0.24436090225563903,0.5381500619617343
0.7077363896848139,0.8823529411764706,0.0,0.0716217434418101,0.1428571428571428,0.3157894736842104,0.5740740740740742,1.0,0.0,1.0,0.0,0.0,0.0,1.0,0.0,0.0,1.0,0.06873212096444625,0,0.04511278195488718,0.13501335548192372
0.7106017191977079,0.11764705882352944,1.0,0.9639412241954385,1.0,1.0,0.01851851851851852,0.0,1.0,0.0,1.0,0.0,1.0,0.0,0.0,1.0,0.0,0.8557125342985579,1,1.0,0.9796053441547183
0.7134670487106018,0.3529411764705883,0.6000000000000001,0.251960695934373,0.2142857142857142,0.4210526315789471,0.462962962962963,0.0,1.0,0.0,0.0,1.0,0.0,1.0,0.0,0.0,1.0,0.42167680312828026,0,0.09022556390977435,0.3964608702120298
0.7163323782234958,0.5882352941176472,0.2,0.06283241683944829,0.0714285714285714,0.05263157894736836,0.20370370370370375,1.0,0.0,1.0,0.0,0.0,1.0,0.0,1.0,0.0,0.0,0.11805839349770686,0,0.0037593984962405957,0.11967113461597911
0.7191977077363898,0.23529411764705888,0.8,0.6851167402866672,0.6428571428571428,0.8947368421052628,0.22222222222222224,1.0,0.0,0.0,1.0,0.0,0.0,1.0,0.0,1.0,0.0,0.7864228899036381,1,0.5751879699248118,0.8003348400275616
0.7220630372492838,0.47058823529411775,0.4,0.34201748850626523,0.2857142857142857,0.5263157894736841,0.11111111111111116,0.0,1.0,0.0,0.0,1.0,1.0,0.0,1.0,0.0,0.0,0.538346274349544,1,0.15037593984962402,0.49976073558329315
0.7249283667621778,1.0,0.0,0.09010186604164788,0.2142857142857142,0.1578947368421051,0.5925925925925927,1.0,0.0,1.0,0.0,0.0,0.0,1.0,0.0,0.0,1.0,0.04760531102510468,0,0.03383458646616536,0.1663017819973165
0.7277936962750717,0.23529411764705888,1.0,0.9282430361489228,0.857142857142857,0.8421052631578942,0.055555555555555566,0.0,1.0,0.0,1.0,0.0,1.0,0.0,0.0,1.0,0.0,0.9457839531398993,1,0.7218045112781949,0.958864678253148
0.7306590257879657,0.05882352941176472,0.6000000000000001,0.26106553682502476,0.4285714285714285,0.5789473684210522,0.8703703703703706,0.0,1.0,0.0,0.0,1.0,0.0,1.0,0.0,0.0,1.0,0.22383871407165246,0,0.24812030075187946,0.4075613492776764
0.7335243553008597,0.6470588235294117,0.2,0.0,0.0,0.21052631578947367,0.3148148148148148,1.0,0.0,1.0,0.0,0.0,1.0,0.0,1.0,0.0,0.0,0.022768404460272063,0,0.0,0.0
0.7363896848137537,0.2941176470588236,0.8,0.6759217524565041,0.5714285714285714,0.7894736842105261,0.3703703703703704,1.0,0.0,0.0,1.0,0.0,0.0,1.0,0.0,1.0,0.0,0.8519522978043614,1,0.45112781954887204,0.7936439474917529
0.7392550143266476,0.5294117647058822,0.4,0.36067790498512575,0.3571428571428571,0.6842105263157894,0.0925925925925926,0.0,1.0,0.0,0.0,1.0,1.0,0.0,1.0,0.0,0.0,0.495099620731436,1,0.24436090225563903,0.5195260706131837
0.7421203438395416,0.8823529411764706,0.0,0.07612909041738031,0.1428571428571428,0.3157894736842104,0.5925925925925927,1.0,0.0,1.0,0.0,0.0,0.0,1.0,0.0,0.0,1.0,0.07980009535485633,0,0.04511278195488718,0.1427634486166216
0.7449856733524356,0.11764705882352944,1.0,0.9729559181465789,1.0,1.0,0.01851851851851852,0.0,1.0,0.0,1.0,0.0,1.0,0.0,0.0,1.0,0.0,0.8683616478875977,1,1.0,0.984755186323051
0.7478510028653296,0.3529411764705883,0.6000000000000001,0.22491661408095187,0.2142857142857142,0.4210526315789471,0.4814814814814816,0.0,1.0,0.0,0.0,1.0,0.0,1.0,0.0,0.0,1.0,0.3591753006883176,0,0.09022556390977435,0.36250667734564157
0.7507163323782237,0.5882352941176472,0.2,0.01775894708374648,0.0714285714285714,0.05263157894736836,0.22222222222222224,1.0,0.0,1.0,0.0,0.0,1.0,0.0,1.0,0.0,0.0,0.0,0,0.0037593984962405957,0.03576295987606937
0.7535816618911176,0.23529411764705888,0.8,0.7121608221400882,0.6428571428571428,0.8947368421052628,0.24074074074074078,1.0,0.0,0.0,1.0,0.0,0.0,1.0,0.0,1.0,0.0,0.8326196525766538,1,0.5751879699248118,0.8196815516686771
0.7564469914040116,0.47058823529411775,0.4,0.3330027945551248,0.2857142857142857,0.5789473684210522,0.12962962962962965,0.0,1.0,0.0,0.0,1.0,1.0,0.0,1.0,0.0,0.0,0.5186698754332593,1,0.16541353383458635,0.4900262472211212
0.7593123209169056,1.0,0.0,0.08559451906607768,0.2142857142857142,0.1578947368421051,0.6111111111111112,1.0,0.0,1.0,0.0,0.0,0.0,1.0,0.0,0.0,1.0,0.037188393951777865,0,0.03383458646616536,0.1587875816538986
0.7621776504297996,0.23529411764705888,1.0,0.9462724240512034,0.9285714285714284,0.9473684210526314,0.07407407407407408,0.0,1.0,0.0,1.0,0.0,1.0,0.0,0.0,1.0,0.0,0.8993426064669767,1,0.8796992481203004,0.9694100074372871
0.7650429799426935,0.05882352941176472,0.6000000000000001,0.27008023077616505,0.4285714285714285,0.5789473684210522,0.8888888888888892,0.0,1.0,0.0,0.0,1.0,0.0,1.0,0.0,0.0,1.0,0.2415474730963083,0,0.24812030075187946,0.418395549985739
0.7679083094555875,0.6470588235294117,0.2,0.036058775804561405,0.0,0.21052631578947367,0.27777777777777785,1.0,0.0,1.0,0.0,0.0,1.0,0.0,1.0,0.0,0.0,0.12396131317259229,0,0.0,0.07094609983142952
0.7707736389684815,0.2941176470588236,0.8,0.6578923645542233,0.5714285714285714,0.7894736842105261,0.38888888888888906,1.0,0.0,0.0,1.0,0.0,0.0,1.0,0.0,1.0,0.0,0.8197545541231686,1,0.45112781954887204,0.7803522768811693
0.7736389684813755,0.5294117647058822,0.4,0.35166321103398535,0.3571428571428571,0.5789473684210522,0.14814814814814814,0.0,1.0,0.0,0.0,1.0,1.0,0.0,1.0,0.0,0.0,0.4764588217581138,1,0.2067669172932329,0.5100413147275455
0.7765042979942695,0.8823529411764706,0.0,0.058099702515099605,0.1428571428571428,0.3157894736842104,0.6111111111111112,1.0,0.0,1.0,0.0,0.0,0.0,1.0,0.0,0.0,1.0,0.03552819779321603,0,0.04511278195488718,0.11128075128553228
0.7793696275071634,0.11764705882352944,1.0,0.9639412241954385,1.0,1.0,0.03703703703703704,0.0,1.0,0.0,1.0,0.0,1.0,0.0,0.0,1.0,0.0,0.8557125342985579,1,1.0,0.9796053441547183
0.7822349570200574,0.3529411764705883,0.6000000000000001,0.22491661408095187,0.2142857142857142,0.4210526315789471,0.5000000000000001,0.0,1.0,0.0,0.0,1.0,0.0,1.0,0.0,0.0,1.0,0.3591753006883176,0,0.09022556390977435,0.36250667734564157
0.7851002865329516,0.5882352941176472,0.2,0.05381772288830794,0.0714285714285714,0.0,0.24074074074074078,1.0,0.0,1.0,0.0,0.0,1.0,0.0,1.0,0.0,0.0,0.09444671479816558,0,0.0,0.10360936656762298
0.7879656160458456,0.23529411764705888,0.8,0.7031461281889478,0.6428571428571428,0.7894736842105261,0.25925925925925936,1.0,0.0,0.0,1.0,0.0,0.0,1.0,0.0,1.0,0.0,0.8172207316856486,1,0.507518796992481,0.8132868356800982
0.7908309455587396,0.41176470588235303,0.4,0.32398810060398453,0.2857142857142857,0.6315789473684208,0.16666666666666669,0.0,1.0,0.0,0.0,1.0,1.0,0.0,1.0,0.0,0.0,0.498993476516975,0,0.18045112781954878,0.4801663432966512
0.7936962750716335,1.0,0.0,0.09460921301721803,0.2142857142857142,0.1578947368421051,0.6296296296296298,1.0,0.0,1.0,0.0,0.0,0.0,1.0,0.0,0.0,1.0,0.058022228098431716,0,0.03383458646616536,0.1737429213847861
0.7965616045845275,0.23529411764705888,1.0,0.9372577301000632,0.857142857142857,0.8421052631578942,0.055555555555555566,0.0,1.0,0.0,1.0,0.0,1.0,0.0,0.0,1.0,0.0,0.9594060754665579,1,0.7218045112781949,0.9641555058018261
0.7994269340974215,0.05882352941176472,0.6000000000000001,0.27008023077616505,0.4285714285714285,0.5789473684210522,0.9074074074074076,0.0,1.0,0.0,0.0,1.0,0.0,1.0,0.0,0.0,1.0,0.2415474730963083,0,0.24812030075187946,0.418395549985739
0.8022922636103155,0.6470588235294117,0.2,0.018029387902280702,0.0,0.21052631578947367,0.3333333333333334,1.0,0.0,1.0,0.0,0.0,1.0,0.0,1.0,0.0,0.0,0.07336485881643218,0,0.0,0.03629485969373469
0.8051575931232094,0.2941176470588236,0.8,0.6759217524565041,0.5714285714285714,0.7894736842105261,0.40740740740740755,1.0,0.0,0.0,1.0,0.0,0.0,1.0,0.0,1.0,0.0,0.8519522978043614,1,0.45112781954887204,0.7936439474917529
0.8080229226361034,0.5294117647058822,0.4,0.36969259893626605,0.3571428571428571,0.6842105263157894,0.11111111111111116,0.0,1.0,0.0,0.0,1.0,1.0,0.0,1.0,0.0,0.0,0.5137404197047581,1,0.24436090225563903,0.5288947168863096
0.8108882521489974,0.8823529411764706,0.0,0.07612909041738031,0.1428571428571428,0.3157894736842104,0.6296296296296298,1.0,0.0,1.0,0.0,0.0,0.0,1.0,0.0,0.0,1.0,0.07980009535485633,0,0.04511278195488718,0.1427634486166216
0.8137535816618914,0.11764705882352944,1.0,0.9729559181465789,1.0,1.0,0.01851851851851852,0.0,1.0,0.0,1.0,0.0,1.0,0.0,0.0,1.0,0.0,0.8683616478875977,1,1.0,0.984755186323051
0.8166189111747854,0.3529411764705883,0.6000000000000001,0.22491661408095187,0.2142857142857142,0.4210526315789471,0.5185185185185186,0.0,1.0,0.0,0.0,1.0,0.0,1.0,0.0,0.0,1.0,0.3591753006883176,0,0.09022556390977435,0.36250667734564157
0.8194842406876793,0.5882352941176472,0.2,0.02677364103488683,0.0714285714285714,0.05263157894736836,0.25925925925925936,1.0,0.0,1.0,0.0,0.0,1.0,0.0,1.0,0.0,0.0,0.023611678699541283,0,0.0037593984962405957,0.053296720063144676
0.8223495702005733,0.23529411764705888,0.8,0.7121608221400882,0.6428571428571428,0.8947368421052628,0.27777777777777785,1.0,0.0,0.0,1.0,0.0,0.0,1.0,0.0,1.0,0.0,0.8326196525766538,1,0.5751879699248118,0.8196815516686771
0.8252148997134673,0.47058823529411775,0.4,0.3330027945551248,0.2857142857142857,0.5789473684210522,0.12962962962962965,0.0,1.0,0.0,0.0,1.0,1.0,0.0,1.0,0.0,0.0,0.5186698754332593,1,0.16541353383458635,0.4900262472211212
0.8280802292263613,1.0,0.0,0.08559451906607768,0.2142857142857142,0.1578947368421051,0.6481481481481483,1.0,0.0,1.0,0.0,0.0,0.0,1.0,0.0,0.0,1.0,0.037188393951777865,0,0.03383458646616536,0.1587875816538986
0.8309455587392552,0.23529411764705888,1.0,0.9462724240512034,0.9285714285714284,0.9473684210526314,0.07407407407407408,0.0,1.0,0.0,1.0,0.0,1.0,0.0,0.0,1.0,0.0,0.8993426064669767,1,0.8796992481203004,0.9694100074372871
0.8338108882521492,0.05882352941176472,0.6000000000000001,0.27008023077616505,0.4285714285714285,0.5789473684210522,0.9259259259259262,0.0,1.0,0.0,0.0,1.0,0.0,1.0,0.0,0.0,1.0,0.2415474730963083,0,0.24812030075187946,0.418395549985739
0.8366762177650432,0.6470588235294117,0.2,0.036058775804561405,0.0,0.21052631578947367,0.3518518518518519,1.0,0.0,1.0,0.0,0.0,1.0,0.0,1.0,0.0,0.0,0.12396131317259229,0,0.0,0.07094609983142952
0.8395415472779372,0.2941176470588236,0.8,0.6578923645542233,0.5714285714285714,0.7894736842105261,0.42592592592592604,1.0,0.0,0.0,1.0,0.0,0.0,1.0,0.0,1.0,0.0,0.8197545541231686,1,0.45112781954887204,0.7803522768811693
0.8424068767908311,0.5294117647058822,0.4,0.35166321103398535,0.3571428571428571,0.5789473684210522,0.14814814814814814,0.0,1.0,0.0,0.0,1.0,1.0,0.0,1.0,0.0,0.0,0.4764588217581138,1,0.2067669172932329,0.5100413147275455
0.8452722063037251,0.8823529411764706,0.0,0.058099702515099605,0.1428571428571428,0.3157894736842104,0.6481481481481483,1.0,0.0,1.0,0.0,0.0,0.0,1.0,0.0,0.0,1.0,0.03552819779321603,0,0.04511278195488718,0.11128075128553228
0.8481375358166191,0.11764705882352944,1.0,0.9639412241954385,1.0,1.0,0.055555555555555566,0.0,1.0,0.0,1.0,0.0,1.0,0.0,0.0,1.0,0.0,0.8557125342985579,1,1.0,0.9796053441547183
0.8510028653295131,0.3529411764705883,0.6000000000000001,0.22491661408095187,0.2142857142857142,0.4210526315789471,0.5370370370370372,0.0,1.0,0.0,0.0,1.0,0.0,1.0,0.0,0.0,1.0,0.3591753006883176,0,0.09022556390977435,0.36250667734564157
0.8538681948424071,0.5882352941176472,0.2,0.05381772288830794,0.0714285714285714,0.0,0.24074074074074078,1.0,0.0,1.0,0.0,0.0,1.0,0.0,1.0,0.0,0.0,0.09444671479816558,0,0.0,0.10360936656762298
0.856733524355301,0.23529411764705888,0.8,0.7031461281889478,0.6428571428571428,0.7894736842105261,0.29629629629629634,1.0,0.0,0.0,1.0,0.0,0.0,1.0,0.0,1.0,0.0,0.8172207316856486,1,0.507518796992481,0.8132868356800982
0.859598853868195,0.41176470588235303,0.4,0.35103218245740564,0.2857142857142857,0.5789473684210522,0.16666666666666669,0.0,1.0,0.0,0.0,1.0,1.0,0.0,1.0,0.0,0.0,0.5580226732658282,1,0.16541353383458635,0.5093729588622367
0.862464183381089,1.0,0.0,0.09460921301721803,0.2142857142857142,0.1578947368421051,0.6666666666666667,1.0,0.0,1.0,0.0,0.0,0.0,1.0,0.0,0.0,1.0,0.058022228098431716,0,0.03383458646616536,0.1737429213847861
0.865329512893983,0.23529411764705888,1.0,0.9372577301000632,0.857142857142857,0.8421052631578942,0.07407407407407408,0.0,1.0,0.0,1.0,0.0,1.0,0.0,0.0,1.0,0.0,0.9594060754665579,1,0.7218045112781949,0.9641555058018261
0.8681948424068769,0.05882352941176472,0.6000000000000001,0.27008023077616505,0.4285714285714285,0.5789473684210522,0.9444444444444448,0.0,1.0,0.0,0.0,1.0,0.0,1.0,0.0,0.0,1.0,0.2415474730963083,0,0.24812030075187946,0.418395549985739
0.8710601719197709,0.6470588235294117,0.2,0.018029387902280702,0.0,0.21052631578947367,0.3703703703703704,1.0,0.0,1.0,0.0,0.0,1.0,0.0,1.0,0.0,0.0,0.07336485881643218,0,0.0,0.03629485969373469
0.8739255014326649,0.2941176470588236,0.8,0.6759217524565041,0.5714285714285714,0.7894736842105261,0.44444444444444453,1.0,0.0,0.0,1.0,0.0,0.0,1.0,0.0,1.0,0.0,0.8519522978043614,1,0.45112781954887204,0.7936439474917529
0.8767908309455589,0.5294117647058822,0.4,0.36969259893626605,0.3571428571428571,0.6842105263157894,0.12962962962962965,0.0,1.0,0.0,0.0,1.0,1.0,0.0,1.0,0.0,0.0,0.5137404197047581,1,0.24436090225563903,0.5288947168863096
0.8796561604584529,0.8823529411764706,0.0,0.07612909041738031,0.1428571428571428,0.3157894736842104,0.6666666666666667,1.0,0.0,1.0,0.0,0.0,0.0,1.0,0.0,0.0,1.0,0.07980009535485633,0,0.04511278195488718,0.1427634486166216
0.8825214899713468,0.11764705882352944,1.0,0.9729559181465789,1.0,1.0,0.03703703703703704,0.0,1.0,0.0,1.0,0.0,1.0,0.0,0.0,1.0,0.0,0.8683616478875977,1,1.0,0.984755186323051
0.8853868194842408,0.3529411764705883,0.6000000000000001,0.22491661408095187,0.2142857142857142,0.4210526315789471,0.5555555555555557,0.0,1.0,0.0,0.0,1.0,0.0,1.0,0.0,0.0,1.0,0.3591753006883176,0,0.09022556390977435,0.36250667734564157
0.8882521489971348,0.5882352941176472,0.2,0.02677364103488683,0.0714285714285714,0.05263157894736836,0.27777777777777785,1.0,0.0,1.0,0.0,0.0,1.0,0.0,1.0,0.0,0.0,0.023611678699541283,0,0.0037593984962405957,0.053296720063144676
0.8911174785100288,0.23529411764705888,0.8,0.7121608221400882,0.6428571428571428,0.8947368421052628,0.29629629629629634,1.0,0.0,0.0,1.0,0.0,0.0,1.0,0.0,1.0,0.0,0.8326196525766538,1,0.5751879699248118,0.8196815516686771
0.8939828080229227,0.47058823529411775,0.4,0.3330027945551248,0.2857142857142857,0.5789473684210522,0.14814814814814814,0.0,1.0,0.0,0.0,1.0,1.0,0.0,1.0,0.0,0.0,0.5186698754332593,1,0.16541353383458635,0.4900262472211212
0.8968481375358169,1.0,0.0,0.08559451906607768,0.2142857142857142,0.1578947368421051,0.6851851851851853,1.0,0.0,1.0,0.0,0.0,0.0,1.0,0.0,0.0,1.0,0.037188393951777865,0,0.03383458646616536,0.1587875816538986
0.8997134670487109,0.23529411764705888,1.0,0.9462724240512034,0.9285714285714284,0.9473684210526314,0.0925925925925926,0.0,1.0,0.0,1.0,0.0,1.0,0.0,0.0,1.0,0.0,0.8993426064669767,1,0.8796992481203004,0.9694100074372871
0.9025787965616049,0.05882352941176472,0.6000000000000001,0.27008023077616505,0.4285714285714285,0.5789473684210522,0.9629629629629631,0.0,1.0,0.0,0.0,1.0,0.0,1.0,0.0,0.0,1.0,0.2415474730963083,0,0.24812030075187946,0.418395549985739
0.9054441260744989,0.6470588235294117,0.2,0.036058775804561405,0.0,0.21052631578947367,0.38888888888888906,1.0,0.0,1.0,0.0,0.0,1.0,0.0,1.0,0.0,0.0,0.12396131317259229,0,0.0,0.07094609983142952
0.9083094555873928,0.2941176470588236,0.8,0.6578923645542233,0.5714285714285714,0.7894736842105261,0.462962962962963,1.0,0.0,0.0,1.0,0.0,0.0,1.0,0.0,1.0,0.0,0.8197545541231686,1,0.45112781954887204,0.7803522768811693
0.9111747851002868,0.5294117647058822,0.4,0.35166321103398535,0.3571428571428571,0.5789473684210522,0.18518518518518523,0.0,1.0,0.0,0.0,1.0,1.0,0.0,1.0,0.0,0.0,0.4764588217581138,1,0.2067669172932329,0.5100413147275455
0.9140401146131808,0.8823529411764706,0.0,0.058099702515099605,0.1428571428571428,0.3157894736842104,0.6851851851851853,1.0,0.0,1.0,0.0,0.0,0.0,1.0,0.0,0.0,1.0,0.03552819779321603,0,0.04511278195488718,0.11128075128553228
0.9169054441260748,0.11764705882352944,1.0,0.9639412241954385,1.0,1.0,0.055555555555555566,0.0,1.0,0.0,1.0,0.0,1.0,0.0,0.0,1.0,0.0,0.8557125342985579,1,1.0,0.9796053441547183
0.9197707736389688,0.3529411764705883,0.6000000000000001,0.22491661408095187,0.2142857142857142,0.4210526315789471,0.5740740740740742,0.0,1.0,0.0,0.0,1.0,0.0,1.0,0.0,0.0,1.0,0.3591753006883176,0,0.09022556390977435,0.36250667734564157
0.9226361031518627,0.5882352941176472,0.2,0.05381772288830794,0.0714285714285714,0.0,0.3148148148148148,1.0,0.0,1.0,0.0,0.0,1.0,0.0,1.0,0.0,0.0,0.09444671479816558,0,0.0,0.10360936656762298
0.9255014326647567,0.23529411764705888,0.8,0.7031461281889478,0.6428571428571428,0.7894736842105261,0.3333333333333334,1.0,0.0,0.0,1.0,0.0,0.0,1.0,0.0,1.0,0.0,0.8172207316856486,1,0.507518796992481,0.8132868356800982
0.9283667621776507,0.47058823529411775,0.4,0.3330027945551248,0.2857142857142857,0.6315789473684208,0.16666666666666669,0.0,1.0,0.0,0.0,1.0,1.0,0.0,1.0,0.0,0.0,0.5186698754332593,1,0.18045112781954878,0.4900262472211212
0.9312320916905447,1.0,0.0,0.09460921301721803,0.2142857142857142,0.1578947368421051,0.7037037037037038,1.0,0.0,1.0,0.0,0.0,0.0,1.0,0.0,0.0,1.0,0.058022228098431716,0,0.03383458646616536,0.1737429213847861
0.9340974212034386,0.23529411764705888,1.0,0.9372577301000632,0.857142857142857,0.8421052631578942,0.0925925925925926,0.0,1.0,0.0,1.0,0.0,1.0,0.0,0.0,1.0,0.0,0.9594060754665579,1,0.7218045112781949,0.9641555058018261
0.9369627507163326,0.05882352941176472,0.6000000000000001,0.27008023077616505,0.4285714285714285,0.5789473684210522,0.9814814814814817,0.0,1.0,0.0,0.0,1.0,0.0,1.0,0.0,0.0,1.0,0.2415474730963083,0,0.24812030075187946,0.418395549985739
0.9398280802292266,0.6470588235294117,0.2,0.018029387902280702,0.0,0.21052631578947367,0.40740740740740755,1.0,0.0,1.0,0.0,0.0,1.0,0.0,1.0,0.0,0.0,0.07336485881643218,0,0.0,0.03629485969373469
0.9426934097421206,0.2941176470588236,0.8,0.6759217524565041,0.5714285714285714,0.7894736842105261,0.4814814814814816,1.0,0.0,0.0,1.0,0.0,0.0,1.0,0.0,1.0,0.0,0.8519522978043614,1,0.45112781954887204,0.7936439474917529
0.9455587392550145,0.5294117647058822,0.4,0.36969259893626605,0.3571428571428571,0.6842105263157894,0.20370370370370375,0.0,1.0,0.0,0.0,1.0,1.0,0.0,1.0,0.0,0.0,0.5137404197047581,1,0.24436090225563903,0.5288947168863096
0.9484240687679085,0.8823529411764706,0.0,0.07612909041738031,0.1428571428571428,0.3157894736842104,0.7037037037037038,1.0,0.0,1.0,0.0,0.0,0.0,1.0,0.0,0.0,1.0,0.07980009535485633,0,0.04511278195488718,0.1427634486166216
0.9512893982808025,0.11764705882352944,1.0,0.9729559181465789,1.0,1.0,0.03703703703703704,0.0,1.0,0.0,1.0,0.0,1.0,0.0,0.0,1.0,0.0,0.8683616478875977,1,1.0,0.984755186323051
0.9541547277936965,0.3529411764705883,0.6000000000000001,0.22491661408095187,0.2142857142857142,0.4210526315789471,0.5925925925925927,0.0,1.0,0.0,0.0,1.0,0.0,1.0,0.0,0.0,1.0,0.3591753006883176,0,0.09022556390977435,0.36250667734564157
0.9570200573065905,0.5882352941176472,0.2,0.02677364103488683,0.0714285714285714,0.05263157894736836,0.3518518518518519,1.0,0.0,1.0,0.0,0.0,1.0,0.0,1.0,0.0,0.0,0.023611678699541283,0,0.0037593984962405957,0.053296720063144676
0.9598853868194844,0.23529411764705888,0.8,0.7121608221400882,0.6428571428571428,0.8947368421052628,0.3518518518518519,1.0,0.0,0.0,1.0,0.0,0.0,1.0,0.0,1.0,0.0,0.8326196525766538,1,0.5751879699248118,0.8196815516686771
0.9627507163323784,0.47058823529411775,0.4,0.3330027945551248,0.2857142857142857,0.5789473684210522,0.18518518518518523,0.0,1.0,0.0,0.0,1.0,1.0,0.0,1.0,0.0,0.0,0.5186698754332593,1,0.16541353383458635,0.4900262472211212
0.9656160458452724,1.0,0.0,0.08559451906607768,0.2142857142857142,0.1578947368421051,0.7222222222222223,1.0,0.0,1.0,0.0,0.0,0.0,1.0,0.0,0.0,1.0,0.037188393951777865,0,0.03383458646616536,0.1587875816538986
0.9684813753581664,0.23529411764705888,1.0,0.9462724240512034,0.9285714285714284,0.9473684210526314,0.11111111111111116,0.0,1.0,0.0,1.0,0.0,1.0,0.0,0.0,1.0,0.0,0.8993426064669767,1,0.8796992481203004,0.9694100074372871
0.9713467048710603,0.05882352941176472,0.6000000000000001,0.27008023077616505,0.4285714285714285,0.5789473684210522,1.0,0.0,1.0,0.0,0.0,1.0,0.0,1.0,0.0,0.0,1.0,0.2415474730963083,0,0.24812030075187946,0.418395549985739
0.9742120343839543,0.6470588235294117,0.2,0.036058775804561405,0.0,0.21052631578947367,0.42592592592592604,1.0,0.0,1.0,0.0,0.0,1.0,0.0,1.0,0.0,0.0,0.12396131317259229,0,0.0,0.07094609983142952
0.9770773638968483,0.2941176470588236,0.8,0.6578923645542233,0.5714285714285714,0.7894736842105261,0.5000000000000001,1.0,0.0,0.0,1.0,0.0,0.0,1.0,0.0,1.0,0.0,0.8197545541231686,1,0.45112781954887204,0.7803522768811693
0.9799426934097423,0.5294117647058822,0.4,0.35166321103398535,0.3571428571428571,0.5789473684210522,0.20370370370370375,0.0,1.0,0.0,0.0,1.0,1.0,0.0,1.0,0.0,0.0,0.4764588217581138,1,0.2067669172932329,0.5100413147275455
0.9828080229226362,0.8823529411764706,0.0,0.058099702515099605,0.1428571428571428,0.3157894736842104,0.7222222222222223,1.0,0.0,1.0,0.0,0.0,0.0,1.0,0.0,0.0,1.0,0.03552819779321603,0,0.04511278195488718,0.11128075128553228
0.9856733524355302,0.11764705882352944,1.0,0.9639412241954385,1.0,1.0,0.07407407407407408,0.0,1.0,0.0,1.0,0.0,1.0,0.0,0.0,1.0,0.0,0.8557125342985579,1,1.0,0.9796053441547183
0.9885386819484242,0.3529411764705883,0.6000000000000001,0.22491661408095187,0.2142857142857142,0.4210526315789471,0.6111111111111112,0.0,1.0,0.0,0.0,1.0,0.0,1.0,0.0,0.0,1.0,0.3591753006883176,0,0.09022556390977435,0.36250667734564157
0.9914040114613182,0.5882352941176472,0.2,0.05381772288830794,0.0714285714285714,0.0,0.3333333333333334,1.0,0.0,1.0,0.0,0.0,1.0,0.0,1.0,0.0,0.0,0.09444671479816558,0,0.0,0.10360936656762298
0.9942693409742122,0.23529411764705888,0.8,0.7031461281889478,0.6428571428571428,0.7894736842105261,0.3518518518518519,1.0,0.0,0.0,1.0,0.0,0.0,1.0,0.0,1.0,0.0,0.8172207316856486,1,0.507518796992481,0.8132868356800982
0.9971346704871061,0.47058823529411775,0.4,0.3330027945551248,0.2857142857142857,0.6315789473684208,0.22222222222222224,0.0,1.0,0.0,0.0,1.0,1.0,0.0,1.0,0.0,0.0,0.5186698754332593,1,0.18045112781954878,0.4900262472211212
1.0,1.0,0.0,0.09460921301721803,0.2142857142857142,0.1578947368421051,0.7407407407407408,1.0,0.0,1.0,0.0,0.0,0.0,1.0,0.0,0.0,1.0,0.058022228098431716,0,0.03383458646616536,0.1737429213847861
