Customer ID,Age,City,Total Spend,Items Purchased,Average Rating,Days Since Last Purchase,Gender_Female,Gender_Male,Membership Type_Bronze,Membership Type_Gold,Membership Type_Silver,Discount Applied_False,Discount Applied_True,Satisfaction Level_Neutral,Satisfaction Level_Satisfied,Satisfaction Level_Unsatisfied
0.0,0.17647058823529416,0.8,1120.2,0.5,0.8421052631578942,0.29629629629629634,1.0,0.0,0.0,1.0,0.0,0.0,1.0,0.0,1.0,0.0
0.0028653295128939775,0.47058823529411775,0.4,780.5,0.2857142857142857,0.5789473684210522,0.16666666666666669,0.0,1.0,0.0,0.0,1.0,1.0,0.0,1.0,0.0,0.0
0.005730659025787955,1.0,0.0,510.75,0.1428571428571428,0.21052631578947367,0.6111111111111112,1.0,0.0,1.0,0.0,0.0,0.0,1.0,0.0,0.0,1.0
0.008595988538681988,0.23529411764705888,1.0,1480.3,0.857142857142857,0.8947368421052628,0.055555555555555566,0.0,1.0,0.0,1.0,0.0,1.0,0.0,0.0,1.0,0.0
0.011461318051575966,0.05882352941176472,0.6000000000000001,720.4,0.4285714285714285,0.5263157894736841,0.851851851851852,0.0,1.0,0.0,0.0,1.0,0.0,1.0,0.0,0.0,1.0
0.014326647564469944,0.6470588235294117,0.2,440.8,0.0714285714285714,0.05263157894736836,0.24074074074074078,1.0,0.0,1.0,0.0,0.0,1.0,0.0,1.0,0.0,0.0
0.01719197707736392,0.2941176470588236,0.8,1150.6,0.5714285714285714,0.7894736842105261,0.3518518518518519,1.0,0.0,0.0,1.0,0.0,0.0,1.0,0.0,1.0,0.0
0.0200573065902579,0.5294117647058822,0.4,800.9,0.3571428571428571,0.6315789473684208,0.0925925925925926,0.0,1.0,0.0,0.0,1.0,1.0,0.0,1.0,0.0,0.0
0.022922636103151876,0.8823529411764706,0.0,495.25,0.2142857142857142,0.3157894736842104,0.5740740740740742,1.0,0.0,1.0,0.0,0.0,0.0,1.0,0.0,0.0,1.0
0.025787965616045856,0.11764705882352944,1.0,1520.1,1.0,0.9473684210526314,0.0,0.0,1.0,0.0,1.0,0.0,1.0,0.0,0.0,1.0,0.0
0.028653295128939833,0.3529411764705883,0.6000000000000001,690.3,0.2857142857142857,0.4210526315789471,0.462962962962963,0.0,1.0,0.0,0.0,1.0,0.0,1.0,0.0,0.0,1.0
0.03151862464183381,0.5882352941176472,0.2,470.5,0.0,0.10526315789473695,0.20370370370370375,1.0,0.0,1.0,0.0,0.0,1.0,0.0,1.0,0.0,0.0
0.03438395415472779,0.23529411764705888,0.8,1200.8,0.6428571428571428,0.6842105263157894,0.22222222222222224,1.0,0.0,0.0,1.0,0.0,0.0,1.0,0.0,1.0,0.0
0.03724928366762182,0.41176470588235303,0.4,820.75,0.4285714285714285,0.736842105263158,0.11111111111111116,0.0,1.0,0.0,0.0,1.0,1.0,0.0,0.0,1.0,0.0
0.0401146131805158,0.9411764705882355,0.0,530.4,0.1428571428571428,0.26315789473684204,0.5370370370370372,1.0,0.0,1.0,0.0,0.0,0.0,1.0,0.0,0.0,1.0
0.042979942693409774,0.17647058823529416,1.0,1360.2,0.7857142857142856,1.0,0.03703703703703704,0.0,1.0,0.0,1.0,0.0,1.0,0.0,0.0,1.0,0.0
0.04584527220630375,0.0,0.6000000000000001,700.6,0.3571428571428571,0.368421052631579,0.7222222222222223,0.0,1.0,0.0,0.0,1.0,0.0,1.0,0.0,0.0,1.0
0.048710601719197735,0.7058823529411766,0.2,450.9,0.0714285714285714,0.0,0.29629629629629634,1.0,0.0,1.0,0.0,0.0,1.0,0.0,1.0,0.0,0.0
0.05157593123209171,0.3529411764705883,0.8,1170.3,0.5,0.8947368421052628,0.3703703703703704,1.0,0.0,0.0,1.0,0.0,0.0,1.0,0.0,1.0,0.0
0.05444126074498569,0.47058823529411775,0.4,790.2,0.2857142857142857,0.5263157894736841,0.12962962962962965,0.0,1.0,0.0,0.0,1.0,1.0,0.0,1.0,0.0,0.0
0.05730659025787967,1.0,0.0,505.75,0.2142857142857142,0.1578947368421051,0.5925925925925927,1.0,0.0,1.0,0.0,0.0,0.0,1.0,0.0,0.0,1.0
0.060171919770773644,0.23529411764705888,1.0,1470.5,0.9285714285714284,0.9473684210526314,0.07407407407407408,0.0,1.0,0.0,1.0,0.0,1.0,0.0,0.0,1.0,0.0
0.06303724928366762,0.05882352941176472,0.6000000000000001,710.4,0.4285714285714285,0.5789473684210522,0.8333333333333336,0.0,1.0,0.0,0.0,1.0,0.0,1.0,0.0,0.0,1.0
0.06590257879656165,0.6470588235294117,0.2,430.8,0.0,0.21052631578947367,0.25925925925925936,1.0,0.0,1.0,0.0,0.0,1.0,0.0,1.0,0.0,0.0
0.06876790830945563,0.2941176470588236,0.8,1140.6,0.5714285714285714,0.8421052631578942,0.3333333333333334,1.0,0.0,0.0,1.0,0.0,0.0,1.0,0.0,1.0,0.0
0.07163323782234961,0.5294117647058822,0.4,810.9,0.3571428571428571,0.6842105263157894,0.07407407407407408,0.0,1.0,0.0,0.0,1.0,1.0,0.0,1.0,0.0,0.0
0.07449856733524358,0.8823529411764706,0.0,485.25,0.1428571428571428,0.3157894736842104,0.5555555555555557,1.0,0.0,1.0,0.0,0.0,0.0,1.0,0.0,0.0,1.0
0.07736389684813756,0.11764705882352944,1.0,1500.1,1.0,1.0,0.01851851851851852,0.0,1.0,0.0,1.0,0.0,1.0,0.0,0.0,1.0,0.0
0.08022922636103154,0.3529411764705883,0.6000000000000001,670.3,0.2142857142857142,0.4210526315789471,0.44444444444444453,0.0,1.0,0.0,0.0,1.0,0.0,1.0,0.0,0.0,1.0
0.08309455587392552,0.5882352941176472,0.2,460.5,0.0714285714285714,0.05263157894736836,0.18518518518518523,1.0,0.0,1.0,0.0,0.0,1.0,0.0,1.0,0.0,0.0
0.08595988538681949,0.23529411764705888,0.8,1190.8,0.6428571428571428,0.7894736842105261,0.20370370370370375,1.0,0.0,0.0,1.0,0.0,0.0,1.0,0.0,1.0,0.0
0.08882521489971347,0.41176470588235303,0.4,830.75,0.4285714285714285,0.6315789473684208,0.0925925925925926,0.0,1.0,0.0,0.0,1.0,1.0,0.0,0.0,1.0,0.0
0.0916905444126075,0.9411764705882355,0.0,520.4,0.1428571428571428,0.26315789473684204,0.5185185185185186,1.0,0.0,1.0,0.0,0.0,0.0,1.0,0.0,0.0,1.0
0.0945558739255015,0.17647058823529416,1.0,1370.2,0.7857142857142856,0.8947368421052628,0.01851851851851852,0.0,1.0,0.0,1.0,0.0,1.0,0.0,0.0,1.0,0.0
0.09742120343839547,0.0,0.6000000000000001,690.6,0.3571428571428571,0.4736842105263155,0.7037037037037038,0.0,1.0,0.0,0.0,1.0,0.0,1.0,0.0,0.0,1.0
0.10028653295128945,0.7058823529411766,0.2,440.9,0.0714285714285714,0.10526315789473695,0.27777777777777785,1.0,0.0,1.0,0.0,0.0,1.0,0.0,1.0,0.0,0.0
0.10315186246418342,0.3529411764705883,0.8,1160.3,0.5,0.736842105263158,0.24074074074074078,1.0,0.0,0.0,1.0,0.0,0.0,1.0,0.0,1.0,0.0
0.1060171919770774,0.47058823529411775,0.4,800.2,0.2857142857142857,0.5789473684210522,0.14814814814814814,0.0,1.0,0.0,0.0,1.0,1.0,0.0,1.0,0.0,0.0
0.10888252148997138,1.0,0.0,500.75,0.2142857142857142,0.1578947368421051,0.5740740740740742,1.0,0.0,1.0,0.0,0.0,0.0,1.0,0.0,0.0,1.0
0.11174785100286536,0.23529411764705888,1.0,1460.5,0.9285714285714284,0.9473684210526314,0.055555555555555566,0.0,1.0,0.0,1.0,0.0,1.0,0.0,0.0,1.0,0.0
0.11461318051575933,0.05882352941176472,0.6000000000000001,700.4,0.4285714285714285,0.5263157894736841,0.814814814814815,0.0,1.0,0.0,0.0,1.0,0.0,1.0,0.0,0.0,1.0
0.11747851002865331,0.6470588235294117,0.2,420.8,0.0,0.05263157894736836,0.22222222222222224,1.0,0.0,1.0,0.0,0.0,1.0,0.0,1.0,0.0,0.0
0.12034383954154734,0.2941176470588236,0.8,1130.6,0.5714285714285714,0.7894736842105261,0.3148148148148148,1.0,0.0,0.0,1.0,0.0,0.0,1.0,0.0,1.0,0.0
0.12320916905444132,0.5294117647058822,0.4,820.9,0.3571428571428571,0.6842105263157894,0.055555555555555566,0.0,1.0,0.0,0.0,1.0,1.0,0.0,1.0,0.0,0.0
0.1260744985673353,0.8823529411764706,0.0,480.25,0.1428571428571428,0.3157894736842104,0.5370370370370372,1.0,0.0,1.0,0.0,0.0,0.0,1.0,0.0,0.0,1.0
0.12893982808022927,0.11764705882352944,1.0,1490.1,1.0,1.0,0.0,0.0,1.0,0.0,1.0,0.0,1.0,0.0,0.0,1.0,0.0
0.13180515759312325,0.3529411764705883,0.6000000000000001,680.3,0.2142857142857142,0.4210526315789471,0.42592592592592604,0.0,1.0,0.0,0.0,1.0,0.0,1.0,0.0,0.0,1.0
0.13467048710601723,0.5882352941176472,0.2,470.5,0.0714285714285714,0.0,0.16666666666666669,1.0,0.0,1.0,0.0,0.0,1.0,0.0,1.0,0.0,0.0
0.1375358166189112,0.23529411764705888,0.8,1180.8,0.6428571428571428,0.8947368421052628,0.18518518518518523,1.0,0.0,0.0,1.0,0.0,0.0,1.0,0.0,1.0,0.0
0.14040114613180518,0.47058823529411775,0.4,790.2,0.2857142857142857,0.5263157894736841,0.11111111111111116,0.0,1.0,0.0,0.0,1.0,1.0,0.0,1.0,0.0,0.0
0.14326647564469916,1.0,0.0,505.75,0.2142857142857142,0.1578947368421051,0.5555555555555557,1.0,0.0,1.0,0.0,0.0,0.0,1.0,0.0,0.0,1.0
0.14613180515759314,0.23529411764705888,1.0,1470.5,0.9285714285714284,0.9473684210526314,0.07407407407407408,0.0,1.0,0.0,1.0,0.0,1.0,0.0,0.0,1.0,0.0
0.14899713467048717,0.05882352941176472,0.6000000000000001,710.4,0.4285714285714285,0.5789473684210522,0.8333333333333336,0.0,1.0,0.0,0.0,1.0,0.0,1.0,0.0,0.0,1.0
0.15186246418338115,0.6470588235294117,0.2,430.8,0.0,0.21052631578947367,0.25925925925925936,1.0,0.0,1.0,0.0,0.0,1.0,0.0,1.0,0.0,0.0
0.15472779369627512,0.2941176470588236,0.8,1140.6,0.5714285714285714,0.8421052631578942,0.3333333333333334,1.0,0.0,0.0,1.0,0.0,0.0,1.0,0.0,1.0,0.0
0.1575931232091691,0.5294117647058822,0.4,810.9,0.3571428571428571,0.6842105263157894,0.07407407407407408,0.0,1.0,0.0,0.0,1.0,1.0,0.0,1.0,0.0,0.0
0.16045845272206308,0.8823529411764706,0.0,485.25,0.1428571428571428,0.3157894736842104,0.5555555555555557,1.0,0.0,1.0,0.0,0.0,0.0,1.0,0.0,0.0,1.0
0.16332378223495705,0.11764705882352944,1.0,1500.1,1.0,1.0,0.01851851851851852,0.0,1.0,0.0,1.0,0.0,1.0,0.0,0.0,1.0,0.0
0.16618911174785103,0.3529411764705883,0.6000000000000001,670.3,0.2142857142857142,0.4210526315789471,0.44444444444444453,0.0,1.0,0.0,0.0,1.0,0.0,1.0,0.0,0.0,1.0
0.169054441260745,0.5882352941176472,0.2,460.5,0.0714285714285714,0.05263157894736836,0.18518518518518523,1.0,0.0,1.0,0.0,0.0,1.0,0.0,1.0,0.0,0.0
0.17191977077363899,0.23529411764705888,0.8,1190.8,0.6428571428571428,0.7894736842105261,0.20370370370370375,1.0,0.0,0.0,1.0,0.0,0.0,1.0,0.0,1.0,0.0
0.17478510028653296,0.41176470588235303,0.4,830.75,0.4285714285714285,0.6315789473684208,0.0925925925925926,0.0,1.0,0.0,0.0,1.0,1.0,0.0,0.0,1.0,0.0
0.177650429799427,0.9411764705882355,0.0,520.4,0.1428571428571428,0.26315789473684204,0.5185185185185186,1.0,0.0,1.0,0.0,0.0,0.0,1.0,0.0,0.0,1.0
0.18051575931232097,0.17647058823529416,1.0,1370.2,0.7857142857142856,0.8947368421052628,0.01851851851851852,0.0,1.0,0.0,1.0,0.0,1.0,0.0,0.0,1.0,0.0
0.18338108882521495,0.0,0.6000000000000001,690.6,0.3571428571428571,0.4736842105263155,0.7037037037037038,0.0,1.0,0.0,0.0,1.0,0.0,1.0,0.0,0.0,1.0
0.18624641833810893,0.7058823529411766,0.2,440.9,0.0714285714285714,0.10526315789473695,0.27777777777777785,1.0,0.0,1.0,0.0,0.0,1.0,0.0,1.0,0.0,0.0
0.18911174785100293,0.3529411764705883,0.8,1160.3,0.5,0.736842105263158,0.24074074074074078,1.0,0.0,0.0,1.0,0.0,0.0,1.0,0.0,1.0,0.0
0.1919770773638969,0.47058823529411775,0.4,800.2,0.2857142857142857,0.5789473684210522,0.14814814814814814,0.0,1.0,0.0,0.0,1.0,1.0,0.0,1.0,0.0,0.0
0.19484240687679089,1.0,0.0,500.75,0.2142857142857142,0.1578947368421051,0.5740740740740742,1.0,0.0,1.0,0.0,0.0,0.0,1.0,0.0,0.0,1.0
0.19770773638968486,0.23529411764705888,1.0,1460.5,0.9285714285714284,0.9473684210526314,0.055555555555555566,0.0,1.0,0.0,1.0,0.0,1.0,0.0,0.0,1.0,0.0
0.20057306590257884,0.05882352941176472,0.6000000000000001,700.4,0.4285714285714285,0.5263157894736841,0.814814814814815,0.0,1.0,0.0,0.0,1.0,0.0,1.0,0.0,0.0,1.0
0.20343839541547282,0.6470588235294117,0.2,420.8,0.0,0.05263157894736836,0.22222222222222224,1.0,0.0,1.0,0.0,0.0,1.0,0.0,0.0,1.0,0.0
0.20630372492836685,0.2941176470588236,0.8,1130.6,0.5714285714285714,0.7894736842105261,0.3148148148148148,1.0,0.0,0.0,1.0,0.0,0.0,1.0,0.0,1.0,0.0
0.20916905444126083,0.5294117647058822,0.4,820.9,0.3571428571428571,0.6842105263157894,0.055555555555555566,0.0,1.0,0.0,0.0,1.0,1.0,0.0,1.0,0.0,0.0
0.2120343839541548,0.8823529411764706,0.0,480.25,0.1428571428571428,0.3157894736842104,0.5370370370370372,1.0,0.0,1.0,0.0,0.0,0.0,1.0,0.0,0.0,1.0
0.21489971346704878,0.11764705882352944,1.0,1490.1,1.0,1.0,0.0,0.0,1.0,0.0,1.0,0.0,1.0,0.0,0.0,1.0,0.0
0.21776504297994276,0.3529411764705883,0.6000000000000001,680.3,0.2142857142857142,0.4210526315789471,0.42592592592592604,0.0,1.0,0.0,0.0,1.0,0.0,1.0,0.0,0.0,1.0
0.22063037249283673,0.5882352941176472,0.2,470.5,0.0714285714285714,0.0,0.16666666666666669,1.0,0.0,1.0,0.0,0.0,1.0,0.0,1.0,0.0,0.0
0.2234957020057307,0.23529411764705888,0.8,1180.8,0.6428571428571428,0.8947368421052628,0.18518518518518523,1.0,0.0,0.0,1.0,0.0,0.0,1.0,0.0,1.0,0.0
0.2263610315186247,0.47058823529411775,0.4,790.2,0.2857142857142857,0.5263157894736841,0.11111111111111116,0.0,1.0,0.0,0.0,1.0,1.0,0.0,1.0,0.0,0.0
0.22922636103151867,1.0,0.0,505.75,0.2142857142857142,0.1578947368421051,0.5555555555555557,1.0,0.0,1.0,0.0,0.0,0.0,1.0,0.0,0.0,1.0
0.23209169054441264,0.23529411764705888,1.0,1470.5,0.9285714285714284,0.9473684210526314,0.07407407407407408,0.0,1.0,0.0,1.0,0.0,1.0,0.0,0.0,1.0,0.0
0.23495702005730662,0.05882352941176472,0.6000000000000001,710.4,0.4285714285714285,0.5789473684210522,0.8333333333333336,0.0,1.0,0.0,0.0,1.0,0.0,1.0,0.0,0.0,1.0
0.2378223495702006,0.6470588235294117,0.2,430.8,0.0,0.21052631578947367,0.25925925925925936,1.0,0.0,1.0,0.0,0.0,1.0,0.0,1.0,0.0,0.0
0.24068767908309457,0.2941176470588236,0.8,1140.6,0.5714285714285714,0.8421052631578942,0.3333333333333334,1.0,0.0,0.0,1.0,0.0,0.0,1.0,0.0,1.0,0.0
0.24355300859598855,0.5294117647058822,0.4,810.9,0.3571428571428571,0.6842105263157894,0.07407407407407408,0.0,1.0,0.0,0.0,1.0,1.0,0.0,1.0,0.0,0.0
0.24641833810888253,0.8823529411764706,0.0,485.25,0.1428571428571428,0.3157894736842104,0.5555555555555557,1.0,0.0,1.0,0.0,0.0,0.0,1.0,0.0,0.0,1.0
0.24928366762177662,0.11764705882352944,1.0,1500.1,1.0,1.0,0.01851851851851852,0.0,1.0,0.0,1.0,0.0,1.0,0.0,0.0,1.0,0.0
0.2521489971346706,0.3529411764705883,0.6000000000000001,670.3,0.2142857142857142,0.4210526315789471,0.44444444444444453,0.0,1.0,0.0,0.0,1.0,0.0,1.0,0.0,0.0,1.0
0.25501432664756457,0.5882352941176472,0.2,460.5,0.0714285714285714,0.05263157894736836,0.18518518518518523,1.0,0.0,1.0,0.0,0.0,1.0,0.0,1.0,0.0,0.0
0.25787965616045855,0.23529411764705888,0.8,1190.8,0.6428571428571428,0.7894736842105261,0.20370370370370375,1.0,0.0,0.0,1.0,0.0,0.0,1.0,0.0,1.0,0.0
0.2607449856733525,0.41176470588235303,0.4,830.75,0.4285714285714285,0.6315789473684208,0.0925925925925926,0.0,1.0,0.0,0.0,1.0,1.0,0.0,0.0,1.0,0.0
0.2636103151862465,0.9411764705882355,0.0,520.4,0.1428571428571428,0.26315789473684204,0.5185185185185186,1.0,0.0,1.0,0.0,0.0,0.0,1.0,0.0,0.0,1.0
0.2664756446991405,0.17647058823529416,1.0,1370.2,0.7857142857142856,0.8947368421052628,0.01851851851851852,0.0,1.0,0.0,1.0,0.0,1.0,0.0,0.0,1.0,0.0
0.26934097421203446,0.0,0.6000000000000001,690.6,0.3571428571428571,0.4736842105263155,0.7037037037037038,0.0,1.0,0.0,0.0,1.0,0.0,1.0,0.0,0.0,1.0
0.27220630372492843,0.7058823529411766,0.2,440.9,0.0714285714285714,0.10526315789473695,0.27777777777777785,1.0,0.0,1.0,0.0,0.0,1.0,0.0,1.0,0.0,0.0
0.2750716332378224,0.3529411764705883,0.8,1160.3,0.5,0.736842105263158,0.24074074074074078,1.0,0.0,0.0,1.0,0.0,0.0,1.0,0.0,1.0,0.0
0.2779369627507164,0.47058823529411775,0.4,800.2,0.2857142857142857,0.5789473684210522,0.14814814814814814,0.0,1.0,0.0,0.0,1.0,1.0,0.0,1.0,0.0,0.0
0.28080229226361036,1.0,0.0,500.75,0.2142857142857142,0.1578947368421051,0.5740740740740742,1.0,0.0,1.0,0.0,0.0,0.0,1.0,0.0,0.0,1.0
0.28366762177650434,0.23529411764705888,1.0,1460.5,0.9285714285714284,0.9473684210526314,0.055555555555555566,0.0,1.0,0.0,1.0,0.0,1.0,0.0,0.0,1.0,0.0
0.2865329512893983,0.05882352941176472,0.6000000000000001,700.4,0.4285714285714285,0.5263157894736841,0.814814814814815,0.0,1.0,0.0,0.0,1.0,0.0,1.0,0.0,0.0,1.0
0.2893982808022923,0.6470588235294117,0.2,420.8,0.0,0.05263157894736836,0.22222222222222224,1.0,0.0,1.0,0.0,0.0,1.0,0.0,1.0,0.0,0.0
0.2922636103151863,0.2941176470588236,0.8,1130.6,0.5714285714285714,0.7894736842105261,0.3148148148148148,1.0,0.0,0.0,1.0,0.0,0.0,1.0,0.0,1.0,0.0
0.29512893982808025,0.5294117647058822,0.4,820.9,0.3571428571428571,0.6842105263157894,0.055555555555555566,0.0,1.0,0.0,0.0,1.0,1.0,0.0,1.0,0.0,0.0
0.2979942693409742,0.8823529411764706,0.0,480.25,0.1428571428571428,0.3157894736842104,0.5370370370370372,1.0,0.0,1.0,0.0,0.0,0.0,1.0,0.0,0.0,1.0
0.3008595988538682,0.11764705882352944,1.0,1490.1,1.0,1.0,0.0,0.0,1.0,0.0,1.0,0.0,1.0,0.0,0.0,1.0,0.0
0.3037249283667623,0.3529411764705883,0.6000000000000001,680.3,0.2142857142857142,0.4210526315789471,0.42592592592592604,0.0,1.0,0.0,0.0,1.0,0.0,1.0,0.0,0.0,1.0
0.30659025787965627,0.5882352941176472,0.2,470.5,0.0714285714285714,0.0,0.16666666666666669,1.0,0.0,1.0,0.0,0.0,1.0,0.0,1.0,0.0,0.0
0.30945558739255025,0.23529411764705888,0.8,1180.8,0.6428571428571428,0.8947368421052628,0.18518518518518523,1.0,0.0,0.0,1.0,0.0,0.0,1.0,0.0,1.0,0.0
0.3123209169054442,0.47058823529411775,0.4,790.2,0.2857142857142857,0.5263157894736841,0.11111111111111116,0.0,1.0,0.0,0.0,1.0,1.0,0.0,1.0,0.0,0.0
0.3151862464183382,1.0,0.0,505.75,0.2142857142857142,0.1578947368421051,0.5555555555555557,1.0,0.0,1.0,0.0,0.0,0.0,1.0,0.0,0.0,1.0
0.3180515759312322,0.23529411764705888,1.0,1470.5,0.9285714285714284,0.9473684210526314,0.07407407407407408,0.0,1.0,0.0,1.0,0.0,1.0,0.0,0.0,1.0,0.0
0.32091690544412615,0.05882352941176472,0.6000000000000001,710.4,0.4285714285714285,0.5789473684210522,0.8333333333333336,0.0,1.0,0.0,0.0,1.0,0.0,1.0,0.0,0.0,1.0
0.32378223495702013,0.6470588235294117,0.2,430.8,0.0,0.21052631578947367,0.25925925925925936,1.0,0.0,1.0,0.0,0.0,1.0,0.0,1.0,0.0,0.0
0.3266475644699141,0.2941176470588236,0.8,1140.6,0.5714285714285714,0.8421052631578942,0.3333333333333334,1.0,0.0,0.0,1.0,0.0,0.0,1.0,0.0,1.0,0.0
0.3295128939828081,0.5294117647058822,0.4,810.9,0.3571428571428571,0.6842105263157894,0.07407407407407408,0.0,1.0,0.0,0.0,1.0,1.0,0.0,1.0,0.0,0.0
0.33237822349570206,0.8823529411764706,0.0,485.25,0.1428571428571428,0.3157894736842104,0.5555555555555557,1.0,0.0,1.0,0.0,0.0,0.0,1.0,0.0,0.0,1.0
0.33524355300859604,0.11764705882352944,1.0,1500.1,1.0,1.0,0.01851851851851852,0.0,1.0,0.0,1.0,0.0,1.0,0.0,0.0,1.0,0.0
0.33810888252149,0.3529411764705883,0.6000000000000001,670.3,0.2142857142857142,0.4210526315789471,0.44444444444444453,0.0,1.0,0.0,0.0,1.0,0.0,1.0,0.0,0.0,1.0
0.340974212034384,0.5882352941176472,0.2,460.5,0.0714285714285714,0.05263157894736836,0.18518518518518523,1.0,0.0,1.0,0.0,0.0,1.0,0.0,1.0,0.0,0.0
0.34383954154727797,0.23529411764705888,0.8,1190.8,0.6428571428571428,0.7894736842105261,0.20370370370370375,1.0,0.0,0.0,1.0,0.0,0.0,1.0,0.0,1.0,0.0
0.34670487106017195,0.41176470588235303,0.4,830.75,0.4285714285714285,0.6315789473684208,0.0925925925925926,0.0,1.0,0.0,0.0,1.0,1.0,0.0,0.0,1.0,0.0
0.3495702005730659,0.9411764705882355,0.0,520.4,0.1428571428571428,0.26315789473684204,0.5185185185185186,1.0,0.0,1.0,0.0,0.0,0.0,1.0,0.0,0.0,1.0
0.3524355300859599,0.17647058823529416,1.0,1370.2,0.7857142857142856,0.8947368421052628,0.01851851851851852,0.0,1.0,0.0,1.0,0.0,1.0,0.0,0.0,1.0,0.0
0.3553008595988539,0.0,0.6000000000000001,690.6,0.3571428571428571,0.4736842105263155,0.7037037037037038,0.0,1.0,0.0,0.0,1.0,0.0,1.0,0.0,0.0,1.0
0.35816618911174786,0.7058823529411766,0.2,440.9,0.0714285714285714,0.10526315789473695,0.27777777777777785,1.0,0.0,1.0,0.0,0.0,1.0,0.0,1.0,0.0,0.0
0.36103151862464194,0.3529411764705883,0.8,1160.3,0.5,0.736842105263158,0.24074074074074078,1.0,0.0,0.0,1.0,0.0,0.0,1.0,0.0,1.0,0.0
0.3638968481375359,0.47058823529411775,0.4,800.2,0.2857142857142857,0.5789473684210522,0.14814814814814814,0.0,1.0,0.0,0.0,1.0,1.0,0.0,1.0,0.0,0.0
0.3667621776504299,1.0,0.0,500.75,0.2142857142857142,0.1578947368421051,0.5740740740740742,1.0,0.0,1.0,0.0,0.0,0.0,1.0,0.0,0.0,1.0
0.3696275071633239,0.23529411764705888,1.0,1460.5,0.9285714285714284,0.9473684210526314,0.055555555555555566,0.0,1.0,0.0,1.0,0.0,1.0,0.0,0.0,1.0,0.0
0.37249283667621785,0.05882352941176472,0.6000000000000001,700.4,0.4285714285714285,0.5263157894736841,0.814814814814815,0.0,1.0,0.0,0.0,1.0,0.0,1.0,0.0,0.0,1.0
0.3753581661891119,0.6470588235294117,0.2,420.8,0.0,0.05263157894736836,0.22222222222222224,1.0,0.0,1.0,0.0,0.0,1.0,0.0,1.0,0.0,0.0
0.37822349570200586,0.2941176470588236,0.8,1130.6,0.5714285714285714,0.7894736842105261,0.3148148148148148,1.0,0.0,0.0,1.0,0.0,0.0,1.0,0.0,1.0,0.0
0.38108882521489984,0.5294117647058822,0.4,820.9,0.3571428571428571,0.6842105263157894,0.055555555555555566,0.0,1.0,0.0,0.0,1.0,1.0,0.0,1.0,0.0,0.0
0.3839541547277938,0.8823529411764706,0.0,480.25,0.1428571428571428,0.3157894736842104,0.5370370370370372,1.0,0.0,1.0,0.0,0.0,0.0,1.0,0.0,0.0,1.0
0.3868194842406878,0.11764705882352944,1.0,1490.1,1.0,1.0,0.0,0.0,1.0,0.0,1.0,0.0,1.0,0.0,0.0,1.0,0.0
0.38968481375358177,0.3529411764705883,0.6000000000000001,680.3,0.2142857142857142,0.4210526315789471,0.42592592592592604,0.0,1.0,0.0,0.0,1.0,0.0,1.0,0.0,0.0,1.0
0.39255014326647575,0.5882352941176472,0.2,470.5,0.0714285714285714,0.0,0.16666666666666669,1.0,0.0,1.0,0.0,0.0,1.0,0.0,1.0,0.0,0.0
0.3954154727793697,0.23529411764705888,0.8,1180.8,0.6428571428571428,0.8947368421052628,0.18518518518518523,1.0,0.0,0.0,1.0,0.0,0.0,1.0,0.0,1.0,0.0
0.3982808022922637,0.47058823529411775,0.4,790.2,0.2857142857142857,0.5263157894736841,0.11111111111111116,0.0,1.0,0.0,0.0,1.0,1.0,0.0,1.0,0.0,0.0
0.4011461318051577,1.0,0.0,505.75,0.2142857142857142,0.1578947368421051,0.5555555555555557,1.0,0.0,1.0,0.0,0.0,0.0,1.0,0.0,0.0,1.0
0.40401146131805166,0.23529411764705888,1.0,1470.5,0.9285714285714284,0.9473684210526314,0.07407407407407408,0.0,1.0,0.0,1.0,0.0,1.0,0.0,0.0,1.0,0.0
0.40687679083094563,0.05882352941176472,0.6000000000000001,710.4,0.4285714285714285,0.5789473684210522,0.8333333333333336,0.0,1.0,0.0,0.0,1.0,0.0,1.0,0.0,0.0,1.0
0.4097421203438396,0.6470588235294117,0.2,430.8,0.0,0.21052631578947367,0.25925925925925936,1.0,0.0,1.0,0.0,0.0,1.0,0.0,0.0,1.0,0.0
0.4126074498567336,0.2941176470588236,0.8,1130.6,0.5714285714285714,0.7894736842105261,0.3148148148148148,1.0,0.0,0.0,1.0,0.0,0.0,1.0,0.0,1.0,0.0
0.41547277936962757,0.5294117647058822,0.4,820.9,0.3571428571428571,0.6842105263157894,0.055555555555555566,0.0,1.0,0.0,0.0,1.0,1.0,0.0,1.0,0.0,0.0
0.41833810888252165,0.8823529411764706,0.0,480.25,0.1428571428571428,0.3157894736842104,0.5370370370370372,1.0,0.0,1.0,0.0,0.0,0.0,1.0,0.0,0.0,1.0
0.42120343839541563,0.11764705882352944,1.0,1490.1,1.0,1.0,0.0,0.0,1.0,0.0,1.0,0.0,1.0,0.0,0.0,1.0,0.0
0.4240687679083096,0.3529411764705883,0.6000000000000001,680.3,0.2142857142857142,0.4210526315789471,0.42592592592592604,0.0,1.0,0.0,0.0,1.0,0.0,1.0,0.0,0.0,1.0
0.4269340974212036,0.5882352941176472,0.2,470.5,0.0714285714285714,0.0,0.16666666666666669,1.0,0.0,1.0,0.0,0.0,1.0,0.0,1.0,0.0,0.0
0.42979942693409756,0.23529411764705888,0.8,1180.8,0.6428571428571428,0.8947368421052628,0.18518518518518523,1.0,0.0,0.0,1.0,0.0,0.0,1.0,0.0,1.0,0.0
0.43266475644699154,0.47058823529411775,0.4,790.2,0.2857142857142857,0.5263157894736841,0.11111111111111116,0.0,1.0,0.0,0.0,1.0,1.0,0.0,1.0,0.0,0.0
0.4355300859598855,1.0,0.0,505.75,0.2142857142857142,0.1578947368421051,0.5555555555555557,1.0,0.0,1.0,0.0,0.0,0.0,1.0,0.0,0.0,1.0
0.4383954154727795,0.23529411764705888,1.0,1470.5,0.9285714285714284,0.9473684210526314,0.07407407407407408,0.0,1.0,0.0,1.0,0.0,1.0,0.0,0.0,1.0,0.0
0.44126074498567347,0.05882352941176472,0.6000000000000001,710.4,0.4285714285714285,0.5789473684210522,0.8333333333333336,0.0,1.0,0.0,0.0,1.0,0.0,1.0,0.0,0.0,1.0
0.44412607449856745,0.6470588235294117,0.2,430.8,0.0,0.21052631578947367,0.25925925925925936,1.0,0.0,1.0,0.0,0.0,1.0,0.0,1.0,0.0,0.0
0.4469914040114614,0.2941176470588236,0.8,1140.6,0.5714285714285714,0.8421052631578942,0.3333333333333334,1.0,0.0,0.0,1.0,0.0,0.0,1.0,0.0,1.0,0.0
0.4498567335243554,0.5294117647058822,0.4,810.9,0.3571428571428571,0.6842105263157894,0.07407407407407408,0.0,1.0,0.0,0.0,1.0,1.0,0.0,1.0,0.0,0.0
0.4527220630372494,0.8823529411764706,0.0,485.25,0.1428571428571428,0.3157894736842104,0.5555555555555557,1.0,0.0,1.0,0.0,0.0,0.0,1.0,0.0,0.0,1.0
0.45558739255014336,0.11764705882352944,1.0,1500.1,1.0,1.0,0.01851851851851852,0.0,1.0,0.0,1.0,0.0,1.0,0.0,0.0,1.0,0.0
0.45845272206303733,0.3529411764705883,0.6000000000000001,670.3,0.2142857142857142,0.4210526315789471,0.44444444444444453,0.0,1.0,0.0,0.0,1.0,0.0,1.0,0.0,0.0,1.0
0.4613180515759313,0.5882352941176472,0.2,460.5,0.0714285714285714,0.05263157894736836,0.18518518518518523,1.0,0.0,1.0,0.0,0.0,1.0,0.0,1.0,0.0,0.0
0.4641833810888253,0.23529411764705888,0.8,1190.8,0.6428571428571428,0.7894736842105261,0.20370370370370375,1.0,0.0,0.0,1.0,0.0,0.0,1.0,0.0,1.0,0.0
0.46704871060171926,0.41176470588235303,0.4,830.75,0.4285714285714285,0.6315789473684208,0.0925925925925926,0.0,1.0,0.0,0.0,1.0,1.0,0.0,0.0,1.0,0.0
0.46991404011461324,0.9411764705882355,0.0,520.4,0.1428571428571428,0.26315789473684204,0.5185185185185186,1.0,0.0,1.0,0.0,0.0,0.0,1.0,0.0,0.0,1.0
0.47277936962750733,0.17647058823529416,1.0,1370.2,0.7857142857142856,0.8947368421052628,0.01851851851851852,0.0,1.0,0.0,1.0,0.0,1.0,0.0,0.0,1.0,0.0
0.4756446991404013,0.0,0.6000000000000001,690.6,0.3571428571428571,0.4736842105263155,0.7037037037037038,0.0,1.0,0.0,0.0,1.0,0.0,1.0,0.0,0.0,1.0
0.4785100286532953,0.7058823529411766,0.2,440.9,0.0714285714285714,0.10526315789473695,0.27777777777777785,1.0,0.0,1.0,0.0,0.0,1.0,0.0,1.0,0.0,0.0
0.48137535816618926,0.3529411764705883,0.8,1160.3,0.5,0.736842105263158,0.24074074074074078,1.0,0.0,0.0,1.0,0.0,0.0,1.0,0.0,1.0,0.0
0.48424068767908324,0.47058823529411775,0.4,800.2,0.2857142857142857,0.5789473684210522,0.14814814814814814,0.0,1.0,0.0,0.0,1.0,1.0,0.0,1.0,0.0,0.0
0.4871060171919772,1.0,0.0,500.75,0.2142857142857142,0.1578947368421051,0.5740740740740742,1.0,0.0,1.0,0.0,0.0,0.0,1.0,0.0,0.0,1.0
0.4899713467048712,0.23529411764705888,1.0,1460.5,0.9285714285714284,0.9473684210526314,0.055555555555555566,0.0,1.0,0.0,1.0,0.0,1.0,0.0,0.0,1.0,0.0
0.49283667621776517,0.05882352941176472,0.6000000000000001,700.4,0.4285714285714285,0.5263157894736841,0.814814814814815,0.0,1.0,0.0,0.0,1.0,0.0,1.0,0.0,0.0,1.0
0.49570200573065915,0.6470588235294117,0.2,430.8,0.0,0.21052631578947367,0.25925925925925936,1.0,0.0,1.0,0.0,0.0,1.0,0.0,1.0,0.0,0.0
0.4985673352435531,0.2941176470588236,0.8,1140.6,0.5714285714285714,0.7894736842105261,0.3333333333333334,1.0,0.0,0.0,1.0,0.0,0.0,1.0,0.0,1.0,0.0
0.5014326647564471,0.5294117647058822,0.4,820.9,0.3571428571428571,0.6842105263157894,0.055555555555555566,0.0,1.0,0.0,0.0,1.0,1.0,0.0,1.0,0.0,0.0
0.5042979942693411,0.8823529411764706,0.0,480.25,0.1428571428571428,0.3157894736842104,0.5370370370370372,1.0,0.0,1.0,0.0,0.0,0.0,1.0,0.0,0.0,1.0
0.507163323782235,0.11764705882352944,1.0,1490.1,1.0,1.0,0.0,0.0,1.0,0.0,1.0,0.0,1.0,0.0,0.0,1.0,0.0
0.510028653295129,0.3529411764705883,0.6000000000000001,680.3,0.2142857142857142,0.4210526315789471,0.42592592592592604,0.0,1.0,0.0,0.0,1.0,0.0,1.0,0.0,0.0,1.0
0.512893982808023,0.5882352941176472,0.2,470.5,0.0714285714285714,0.0,0.16666666666666669,1.0,0.0,1.0,0.0,0.0,1.0,0.0,1.0,0.0,0.0
0.515759312320917,0.23529411764705888,0.8,1180.8,0.6428571428571428,0.8947368421052628,0.18518518518518523,1.0,0.0,0.0,1.0,0.0,0.0,1.0,0.0,1.0,0.0
0.518624641833811,0.47058823529411775,0.4,790.2,0.2857142857142857,0.5263157894736841,0.11111111111111116,0.0,1.0,0.0,0.0,1.0,1.0,0.0,1.0,0.0,0.0
0.5214899713467049,1.0,0.0,505.75,0.2142857142857142,0.1578947368421051,0.5555555555555557,1.0,0.0,1.0,0.0,0.0,0.0,1.0,0.0,0.0,1.0
0.5243553008595989,0.23529411764705888,1.0,1470.5,0.9285714285714284,0.9473684210526314,0.07407407407407408,0.0,1.0,0.0,1.0,0.0,1.0,0.0,0.0,1.0,0.0
0.5272206303724929,0.05882352941176472,0.6000000000000001,710.4,0.4285714285714285,0.5789473684210522,0.8333333333333336,0.0,1.0,0.0,0.0,1.0,0.0,1.0,0.0,0.0,1.0
0.530085959885387,0.6470588235294117,0.2,430.8,0.0,0.21052631578947367,0.25925925925925936,1.0,0.0,1.0,0.0,0.0,1.0,0.0,1.0,0.0,0.0
0.532951289398281,0.2941176470588236,0.8,1130.6,0.5714285714285714,0.7894736842105261,0.3148148148148148,1.0,0.0,0.0,1.0,0.0,0.0,1.0,0.0,1.0,0.0
0.5358166189111749,0.5294117647058822,0.4,820.9,0.3571428571428571,0.6842105263157894,0.07407407407407408,0.0,1.0,0.0,0.0,1.0,1.0,0.0,1.0,0.0,0.0
0.5386819484240689,0.8823529411764706,0.0,485.25,0.1428571428571428,0.3157894736842104,0.5555555555555557,1.0,0.0,1.0,0.0,0.0,0.0,1.0,0.0,0.0,1.0
0.5415472779369629,0.11764705882352944,1.0,1500.1,1.0,1.0,0.01851851851851852,0.0,1.0,0.0,1.0,0.0,1.0,0.0,0.0,1.0,0.0
0.5444126074498569,0.3529411764705883,0.6000000000000001,670.3,0.2142857142857142,0.4210526315789471,0.44444444444444453,0.0,1.0,0.0,0.0,1.0,0.0,1.0,0.0,0.0,1.0
0.5472779369627508,0.5882352941176472,0.2,460.5,0.0714285714285714,0.05263157894736836,0.18518518518518523,1.0,0.0,1.0,0.0,0.0,1.0,0.0,1.0,0.0,0.0
0.5501432664756448,0.23529411764705888,0.8,1190.8,0.6428571428571428,0.7894736842105261,0.20370370370370375,1.0,0.0,0.0,1.0,0.0,0.0,1.0,0.0,1.0,0.0
0.5530085959885388,0.41176470588235303,0.4,830.75,0.4285714285714285,0.6315789473684208,0.0925925925925926,0.0,1.0,0.0,0.0,1.0,1.0,0.0,0.0,1.0,0.0
0.5558739255014328,0.9411764705882355,0.0,520.4,0.1428571428571428,0.26315789473684204,0.5185185185185186,1.0,0.0,1.0,0.0,0.0,0.0,1.0,0.0,0.0,1.0
0.5587392550143268,0.17647058823529416,1.0,1370.2,0.7857142857142856,0.8947368421052628,0.01851851851851852,0.0,1.0,0.0,1.0,0.0,1.0,0.0,0.0,1.0,0.0
0.5616045845272207,0.0,0.6000000000000001,690.6,0.3571428571428571,0.4736842105263155,0.7037037037037038,0.0,1.0,0.0,0.0,1.0,0.0,1.0,0.0,0.0,1.0
0.5644699140401147,0.7058823529411766,0.2,440.9,0.0714285714285714,0.10526315789473695,0.27777777777777785,1.0,0.0,1.0,0.0,0.0,1.0,0.0,1.0,0.0,0.0
0.5673352435530087,0.3529411764705883,0.8,1160.3,0.5,0.736842105263158,0.24074074074074078,1.0,0.0,0.0,1.0,0.0,0.0,1.0,0.0,1.0,0.0
0.5702005730659027,0.47058823529411775,0.4,800.2,0.2857142857142857,0.5789473684210522,0.14814814814814814,0.0,1.0,0.0,0.0,1.0,1.0,0.0,1.0,0.0,0.0
0.5730659025787966,0.5882352941176472,1.0,1420.8,0.857142857142857,0.8421052631578942,0.03703703703703704,0.0,1.0,0.0,1.0,0.0,1.0,0.0,0.0,1.0,0.0
0.5759312320916906,0.17647058823529416,0.6000000000000001,730.4,0.5,0.5263157894736841,0.7592592592592594,1.0,0.0,0.0,0.0,1.0,0.0,1.0,0.0,0.0,1.0
0.5787965616045846,0.5294117647058822,0.2,450.6,0.0,0.1578947368421051,0.22222222222222224,1.0,0.0,1.0,0.0,0.0,1.0,0.0,1.0,0.0,0.0
0.5816618911174786,0.2941176470588236,0.8,1210.6,0.7142857142857142,0.9473684210526314,0.16666666666666669,0.0,1.0,0.0,1.0,0.0,0.0,1.0,0.0,1.0,0.0
0.5845272206303725,0.05882352941176472,0.4,780.9,0.2857142857142857,0.6315789473684208,0.12962962962962965,0.0,1.0,0.0,0.0,1.0,1.0,0.0,1.0,0.0,0.0
0.5873925501432666,0.9411764705882355,0.0,495.25,0.2142857142857142,0.26315789473684204,0.4814814814814816,1.0,0.0,1.0,0.0,0.0,0.0,1.0,0.0,0.0,1.0
0.5902578796561606,0.17647058823529416,1.0,1390.2,0.7857142857142856,0.8947368421052628,0.0,0.0,1.0,0.0,1.0,0.0,1.0,0.0,0.0,1.0,0.0
0.5931232091690546,0.0,0.6000000000000001,670.6,0.3571428571428571,0.4736842105263155,0.6851851851851853,0.0,1.0,0.0,0.0,1.0,0.0,1.0,0.0,0.0,1.0
0.5959885386819486,0.7058823529411766,0.2,460.9,0.0714285714285714,0.10526315789473695,0.29629629629629634,1.0,0.0,1.0,0.0,0.0,1.0,0.0,1.0,0.0,0.0
0.5988538681948425,0.3529411764705883,0.8,1170.3,0.5,0.7894736842105261,0.22222222222222224,1.0,0.0,0.0,1.0,0.0,0.0,1.0,0.0,1.0,0.0
0.6017191977077365,0.47058823529411775,0.4,810.2,0.2857142857142857,0.5263157894736841,0.0925925925925926,0.0,1.0,0.0,0.0,1.0,1.0,0.0,1.0,0.0,0.0
0.6045845272206305,1.0,0.0,515.75,0.1428571428571428,0.1578947368421051,0.5370370370370372,1.0,0.0,1.0,0.0,0.0,0.0,1.0,0.0,0.0,1.0
0.6074498567335245,0.23529411764705888,1.0,1450.5,0.9285714285714284,0.9473684210526314,0.055555555555555566,0.0,1.0,0.0,1.0,0.0,1.0,0.0,0.0,1.0,0.0
0.6103151862464185,0.05882352941176472,0.6000000000000001,690.4,0.4285714285714285,0.5789473684210522,0.7962962962962965,0.0,1.0,0.0,0.0,1.0,0.0,1.0,0.0,0.0,1.0
0.6131805157593124,0.6470588235294117,0.2,420.8,0.0,0.21052631578947367,0.27777777777777785,1.0,0.0,1.0,0.0,0.0,1.0,0.0,1.0,0.0,0.0
0.6160458452722064,0.2941176470588236,0.8,1130.6,0.5714285714285714,0.7894736842105261,0.3148148148148148,1.0,0.0,0.0,1.0,0.0,0.0,1.0,0.0,1.0,0.0
0.6189111747851004,0.5294117647058822,0.4,820.9,0.3571428571428571,0.6842105263157894,0.07407407407407408,0.0,1.0,0.0,0.0,1.0,1.0,0.0,1.0,0.0,0.0
0.6217765042979944,0.8823529411764706,0.0,480.25,0.1428571428571428,0.3157894736842104,0.5555555555555557,1.0,0.0,1.0,0.0,0.0,0.0,1.0,0.0,0.0,1.0
0.6246418338108883,0.11764705882352944,1.0,1490.1,1.0,1.0,0.0,0.0,1.0,0.0,1.0,0.0,1.0,0.0,0.0,1.0,0.0
0.6275071633237823,0.3529411764705883,0.6000000000000001,680.3,0.2142857142857142,0.4210526315789471,0.42592592592592604,0.0,1.0,0.0,0.0,1.0,0.0,1.0,0.0,0.0,1.0
0.6303724928366763,0.5882352941176472,0.2,470.5,0.0714285714285714,0.0,0.16666666666666669,1.0,0.0,1.0,0.0,0.0,1.0,0.0,1.0,0.0,0.0
0.6332378223495703,0.23529411764705888,0.8,1180.8,0.6428571428571428,0.8947368421052628,0.18518518518518523,1.0,0.0,0.0,1.0,0.0,0.0,1.0,0.0,1.0,0.0
0.6361031518624642,0.47058823529411775,0.4,790.2,0.2857142857142857,0.5263157894736841,0.11111111111111116,0.0,1.0,0.0,0.0,1.0,1.0,0.0,1.0,0.0,0.0
0.6389684813753582,1.0,0.0,505.75,0.2142857142857142,0.1578947368421051,0.5555555555555557,1.0,0.0,1.0,0.0,0.0,0.0,1.0,0.0,0.0,1.0
0.6418338108882523,0.23529411764705888,1.0,1470.5,0.9285714285714284,0.9473684210526314,0.07407407407407408,0.0,1.0,0.0,1.0,0.0,1.0,0.0,0.0,1.0,0.0
0.6446991404011463,0.05882352941176472,0.6000000000000001,710.4,0.4285714285714285,0.5789473684210522,0.8333333333333336,0.0,1.0,0.0,0.0,1.0,0.0,1.0,0.0,0.0,1.0
0.6475644699140403,0.6470588235294117,0.2,430.8,0.0,0.21052631578947367,0.25925925925925936,1.0,0.0,1.0,0.0,0.0,1.0,0.0,1.0,0.0,0.0
0.6504297994269342,0.2941176470588236,0.8,1140.6,0.5714285714285714,0.7894736842105261,0.3333333333333334,1.0,0.0,0.0,1.0,0.0,0.0,1.0,0.0,1.0,0.0
0.6532951289398282,0.5294117647058822,0.4,820.9,0.3571428571428571,0.6842105263157894,0.07407407407407408,0.0,1.0,0.0,0.0,1.0,1.0,0.0,1.0,0.0,0.0
0.6561604584527222,0.8823529411764706,0.0,485.25,0.1428571428571428,0.3157894736842104,0.5555555555555557,1.0,0.0,1.0,0.0,0.0,0.0,1.0,0.0,0.0,1.0
0.6590257879656162,0.11764705882352944,1.0,1500.1,1.0,1.0,0.01851851851851852,0.0,1.0,0.0,1.0,0.0,1.0,0.0,0.0,1.0,0.0
0.6618911174785101,0.3529411764705883,0.6000000000000001,670.3,0.2142857142857142,0.4210526315789471,0.44444444444444453,0.0,1.0,0.0,0.0,1.0,0.0,1.0,0.0,0.0,1.0
0.6647564469914041,0.5882352941176472,0.2,460.5,0.0714285714285714,0.05263157894736836,0.18518518518518523,1.0,0.0,1.0,0.0,0.0,1.0,0.0,1.0,0.0,0.0
0.6676217765042981,0.23529411764705888,0.8,1190.8,0.6428571428571428,0.7894736842105261,0.20370370370370375,1.0,0.0,0.0,1.0,0.0,0.0,1.0,0.0,1.0,0.0
0.6704871060171921,0.41176470588235303,0.4,830.75,0.4285714285714285,0.6315789473684208,0.0925925925925926,0.0,1.0,0.0,0.0,1.0,1.0,0.0,0.0,1.0,0.0
0.6733524355300861,0.9411764705882355,0.0,520.4,0.1428571428571428,0.26315789473684204,0.5185185185185186,1.0,0.0,1.0,0.0,0.0,0.0,1.0,0.0,0.0,1.0
0.67621776504298,0.17647058823529416,1.0,1370.2,0.7857142857142856,0.8947368421052628,0.01851851851851852,0.0,1.0,0.0,1.0,0.0,1.0,0.0,0.0,1.0,0.0
0.679083094555874,0.0,0.6000000000000001,690.6,0.3571428571428571,0.4736842105263155,0.7037037037037038,0.0,1.0,0.0,0.0,1.0,0.0,1.0,0.0,0.0,1.0
0.681948424068768,0.7058823529411766,0.2,440.9,0.0714285714285714,0.10526315789473695,0.27777777777777785,1.0,0.0,1.0,0.0,0.0,1.0,0.0,1.0,0.0,0.0
0.684813753581662,0.3529411764705883,0.8,1160.3,0.5,0.736842105263158,0.24074074074074078,1.0,0.0,0.0,1.0,0.0,0.0,1.0,0.0,1.0,0.0
0.6876790830945559,0.47058823529411775,0.4,800.2,0.2857142857142857,0.5789473684210522,0.14814814814814814,0.0,1.0,0.0,0.0,1.0,1.0,0.0,1.0,0.0,0.0
0.6905444126074499,1.0,0.0,525.75,0.1428571428571428,0.1578947368421051,0.5740740740740742,1.0,0.0,1.0,0.0,0.0,0.0,1.0,0.0,0.0,1.0
0.6934097421203439,0.23529411764705888,1.0,1460.5,0.9285714285714284,0.9473684210526314,0.03703703703703704,0.0,1.0,0.0,1.0,0.0,1.0,0.0,0.0,1.0,0.0
0.6962750716332379,0.05882352941176472,0.6000000000000001,720.4,0.4285714285714285,0.5263157894736841,0.851851851851852,0.0,1.0,0.0,0.0,1.0,0.0,1.0,0.0,0.0,1.0
0.699140401146132,0.6470588235294117,0.2,440.8,0.0,0.10526315789473695,0.29629629629629634,1.0,0.0,1.0,0.0,0.0,1.0,0.0,1.0,0.0,0.0
0.7020057306590259,0.2941176470588236,0.8,1150.6,0.5714285714285714,0.7894736842105261,0.3518518518518519,1.0,0.0,0.0,1.0,0.0,0.0,1.0,0.0,1.0,0.0
0.7048710601719199,0.5294117647058822,0.4,830.9,0.3571428571428571,0.6842105263157894,0.0925925925925926,0.0,1.0,0.0,0.0,1.0,1.0,0.0,1.0,0.0,0.0
0.7077363896848139,0.8823529411764706,0.0,490.25,0.1428571428571428,0.3157894736842104,0.5740740740740742,1.0,0.0,1.0,0.0,0.0,0.0,1.0,0.0,0.0,1.0
0.7106017191977079,0.11764705882352944,1.0,1480.1,1.0,1.0,0.01851851851851852,0.0,1.0,0.0,1.0,0.0,1.0,0.0,0.0,1.0,0.0
0.7134670487106018,0.3529411764705883,0.6000000000000001,690.3,0.2142857142857142,0.4210526315789471,0.462962962962963,0.0,1.0,0.0,0.0,1.0,0.0,1.0,0.0,0.0,1.0
0.7163323782234958,0.5882352941176472,0.2,480.5,0.0714285714285714,0.05263157894736836,0.20370370370370375,1.0,0.0,1.0,0.0,0.0,1.0,0.0,1.0,0.0,0.0
0.7191977077363898,0.23529411764705888,0.8,1170.8,0.6428571428571428,0.8947368421052628,0.22222222222222224,1.0,0.0,0.0,1.0,0.0,0.0,1.0,0.0,1.0,0.0
0.7220630372492838,0.47058823529411775,0.4,790.2,0.2857142857142857,0.5263157894736841,0.11111111111111116,0.0,1.0,0.0,0.0,1.0,1.0,0.0,1.0,0.0,0.0
0.7249283667621778,1.0,0.0,510.75,0.2142857142857142,0.1578947368421051,0.5925925925925927,1.0,0.0,1.0,0.0,0.0,0.0,1.0,0.0,0.0,1.0
0.7277936962750717,0.23529411764705888,1.0,1440.5,0.857142857142857,0.8421052631578942,0.055555555555555566,0.0,1.0,0.0,1.0,0.0,1.0,0.0,0.0,1.0,0.0
0.7306590257879657,0.05882352941176472,0.6000000000000001,700.4,0.4285714285714285,0.5789473684210522,0.8703703703703706,0.0,1.0,0.0,0.0,1.0,0.0,1.0,0.0,0.0,1.0
0.7335243553008597,0.6470588235294117,0.2,410.8,0.0,0.21052631578947367,0.3148148148148148,1.0,0.0,1.0,0.0,0.0,1.0,0.0,1.0,0.0,0.0
0.7363896848137537,0.2941176470588236,0.8,1160.6,0.5714285714285714,0.7894736842105261,0.3703703703703704,1.0,0.0,0.0,1.0,0.0,0.0,1.0,0.0,1.0,0.0
0.7392550143266476,0.5294117647058822,0.4,810.9,0.3571428571428571,0.6842105263157894,0.0925925925925926,0.0,1.0,0.0,0.0,1.0,1.0,0.0,1.0,0.0,0.0
0.7421203438395416,0.8823529411764706,0.0,495.25,0.1428571428571428,0.3157894736842104,0.5925925925925927,1.0,0.0,1.0,0.0,0.0,0.0,1.0,0.0,0.0,1.0
0.7449856733524356,0.11764705882352944,1.0,1490.1,1.0,1.0,0.01851851851851852,0.0,1.0,0.0,1.0,0.0,1.0,0.0,0.0,1.0,0.0
0.7478510028653296,0.3529411764705883,0.6000000000000001,660.3,0.2142857142857142,0.4210526315789471,0.4814814814814816,0.0,1.0,0.0,0.0,1.0,0.0,1.0,0.0,0.0,1.0
0.7507163323782237,0.5882352941176472,0.2,430.5,0.0714285714285714,0.05263157894736836,0.22222222222222224,1.0,0.0,1.0,0.0,0.0,1.0,0.0,1.0,0.0,0.0
0.7535816618911176,0.23529411764705888,0.8,1200.8,0.6428571428571428,0.8947368421052628,0.24074074074074078,1.0,0.0,0.0,1.0,0.0,0.0,1.0,0.0,1.0,0.0
0.7564469914040116,0.47058823529411775,0.4,780.2,0.2857142857142857,0.5789473684210522,0.12962962962962965,0.0,1.0,0.0,0.0,1.0,1.0,0.0,1.0,0.0,0.0
0.7593123209169056,1.0,0.0,505.75,0.2142857142857142,0.1578947368421051,0.6111111111111112,1.0,0.0,1.0,0.0,0.0,0.0,1.0,0.0,0.0,1.0
0.7621776504297996,0.23529411764705888,1.0,1460.5,0.9285714285714284,0.9473684210526314,0.07407407407407408,0.0,1.0,0.0,1.0,0.0,1.0,0.0,0.0,1.0,0.0
0.7650429799426935,0.05882352941176472,0.6000000000000001,710.4,0.4285714285714285,0.5789473684210522,0.8888888888888892,0.0,1.0,0.0,0.0,1.0,0.0,1.0,0.0,0.0,1.0
0.7679083094555875,0.6470588235294117,0.2,450.8,0.0,0.21052631578947367,0.27777777777777785,1.0,0.0,1.0,0.0,0.0,1.0,0.0,1.0,0.0,0.0
0.7707736389684815,0.2941176470588236,0.8,1140.6,0.5714285714285714,0.7894736842105261,0.38888888888888906,1.0,0.0,0.0,1.0,0.0,0.0,1.0,0.0,1.0,0.0
0.7736389684813755,0.5294117647058822,0.4,800.9,0.3571428571428571,0.5789473684210522,0.14814814814814814,0.0,1.0,0.0,0.0,1.0,1.0,0.0,1.0,0.0,0.0
0.7765042979942695,0.8823529411764706,0.0,475.25,0.1428571428571428,0.3157894736842104,0.6111111111111112,1.0,0.0,1.0,0.0,0.0,0.0,1.0,0.0,0.0,1.0
0.7793696275071634,0.11764705882352944,1.0,1480.1,1.0,1.0,0.03703703703703704,0.0,1.0,0.0,1.0,0.0,1.0,0.0,0.0,1.0,0.0
0.7822349570200574,0.3529411764705883,0.6000000000000001,660.3,0.2142857142857142,0.4210526315789471,0.5000000000000001,0.0,1.0,0.0,0.0,1.0,0.0,1.0,0.0,0.0,1.0
0.7851002865329516,0.5882352941176472,0.2,470.5,0.0714285714285714,0.0,0.24074074074074078,1.0,0.0,1.0,0.0,0.0,1.0,0.0,1.0,0.0,0.0
0.7879656160458456,0.23529411764705888,0.8,1190.8,0.6428571428571428,0.7894736842105261,0.25925925925925936,1.0,0.0,0.0,1.0,0.0,0.0,1.0,0.0,1.0,0.0
0.7908309455587396,0.41176470588235303,0.4,770.2,0.2857142857142857,0.6315789473684208,0.16666666666666669,0.0,1.0,0.0,0.0,1.0,1.0,0.0,1.0,0.0,0.0
0.7936962750716335,1.0,0.0,515.75,0.2142857142857142,0.1578947368421051,0.6296296296296298,1.0,0.0,1.0,0.0,0.0,0.0,1.0,0.0,0.0,1.0
0.7965616045845275,0.23529411764705888,1.0,1450.5,0.857142857142857,0.8421052631578942,0.055555555555555566,0.0,1.0,0.0,1.0,0.0,1.0,0.0,0.0,1.0,0.0
0.7994269340974215,0.05882352941176472,0.6000000000000001,710.4,0.4285714285714285,0.5789473684210522,0.9074074074074076,0.0,1.0,0.0,0.0,1.0,0.0,1.0,0.0,0.0,1.0
0.8022922636103155,0.6470588235294117,0.2,430.8,0.0,0.21052631578947367,0.3333333333333334,1.0,0.0,1.0,0.0,0.0,1.0,0.0,1.0,0.0,0.0
0.8051575931232094,0.2941176470588236,0.8,1160.6,0.5714285714285714,0.7894736842105261,0.40740740740740755,1.0,0.0,0.0,1.0,0.0,0.0,1.0,0.0,1.0,0.0
0.8080229226361034,0.5294117647058822,0.4,820.9,0.3571428571428571,0.6842105263157894,0.11111111111111116,0.0,1.0,0.0,0.0,1.0,1.0,0.0,1.0,0.0,0.0
0.8108882521489974,0.8823529411764706,0.0,495.25,0.1428571428571428,0.3157894736842104,0.6296296296296298,1.0,0.0,1.0,0.0,0.0,0.0,1.0,0.0,0.0,1.0
0.8137535816618914,0.11764705882352944,1.0,1490.1,1.0,1.0,0.01851851851851852,0.0,1.0,0.0,1.0,0.0,1.0,0.0,0.0,1.0,0.0
0.8166189111747854,0.3529411764705883,0.6000000000000001,660.3,0.2142857142857142,0.4210526315789471,0.5185185185185186,0.0,1.0,0.0,0.0,1.0,0.0,1.0,0.0,0.0,1.0
0.8194842406876793,0.5882352941176472,0.2,440.5,0.0714285714285714,0.05263157894736836,0.25925925925925936,1.0,0.0,1.0,0.0,0.0,1.0,0.0,1.0,0.0,0.0
0.8223495702005733,0.23529411764705888,0.8,1200.8,0.6428571428571428,0.8947368421052628,0.27777777777777785,1.0,0.0,0.0,1.0,0.0,0.0,1.0,0.0,1.0,0.0
0.8252148997134673,0.47058823529411775,0.4,780.2,0.2857142857142857,0.5789473684210522,0.12962962962962965,0.0,1.0,0.0,0.0,1.0,1.0,0.0,1.0,0.0,0.0
0.8280802292263613,1.0,0.0,505.75,0.2142857142857142,0.1578947368421051,0.6481481481481483,1.0,0.0,1.0,0.0,0.0,0.0,1.0,0.0,0.0,1.0
0.8309455587392552,0.23529411764705888,1.0,1460.5,0.9285714285714284,0.9473684210526314,0.07407407407407408,0.0,1.0,0.0,1.0,0.0,1.0,0.0,0.0,1.0,0.0
0.8338108882521492,0.05882352941176472,0.6000000000000001,710.4,0.4285714285714285,0.5789473684210522,0.9259259259259262,0.0,1.0,0.0,0.0,1.0,0.0,1.0,0.0,0.0,1.0
0.8366762177650432,0.6470588235294117,0.2,450.8,0.0,0.21052631578947367,0.3518518518518519,1.0,0.0,1.0,0.0,0.0,1.0,0.0,1.0,0.0,0.0
0.8395415472779372,0.2941176470588236,0.8,1140.6,0.5714285714285714,0.7894736842105261,0.42592592592592604,1.0,0.0,0.0,1.0,0.0,0.0,1.0,0.0,1.0,0.0
0.8424068767908311,0.5294117647058822,0.4,800.9,0.3571428571428571,0.5789473684210522,0.14814814814814814,0.0,1.0,0.0,0.0,1.0,1.0,0.0,1.0,0.0,0.0
0.8452722063037251,0.8823529411764706,0.0,475.25,0.1428571428571428,0.3157894736842104,0.6481481481481483,1.0,0.0,1.0,0.0,0.0,0.0,1.0,0.0,0.0,1.0
0.8481375358166191,0.11764705882352944,1.0,1480.1,1.0,1.0,0.055555555555555566,0.0,1.0,0.0,1.0,0.0,1.0,0.0,0.0,1.0,0.0
0.8510028653295131,0.3529411764705883,0.6000000000000001,660.3,0.2142857142857142,0.4210526315789471,0.5370370370370372,0.0,1.0,0.0,0.0,1.0,0.0,1.0,0.0,0.0,1.0
0.8538681948424071,0.5882352941176472,0.2,470.5,0.0714285714285714,0.0,0.24074074074074078,1.0,0.0,1.0,0.0,0.0,1.0,0.0,1.0,0.0,0.0
0.856733524355301,0.23529411764705888,0.8,1190.8,0.6428571428571428,0.7894736842105261,0.29629629629629634,1.0,0.0,0.0,1.0,0.0,0.0,1.0,0.0,1.0,0.0
0.859598853868195,0.41176470588235303,0.4,800.2,0.2857142857142857,0.5789473684210522,0.16666666666666669,0.0,1.0,0.0,0.0,1.0,1.0,0.0,1.0,0.0,0.0
0.862464183381089,1.0,0.0,515.75,0.2142857142857142,0.1578947368421051,0.6666666666666667,1.0,0.0,1.0,0.0,0.0,0.0,1.0,0.0,0.0,1.0
0.865329512893983,0.23529411764705888,1.0,1450.5,0.857142857142857,0.8421052631578942,0.07407407407407408,0.0,1.0,0.0,1.0,0.0,1.0,0.0,0.0,1.0,0.0
0.8681948424068769,0.05882352941176472,0.6000000000000001,710.4,0.4285714285714285,0.5789473684210522,0.9444444444444448,0.0,1.0,0.0,0.0,1.0,0.0,1.0,0.0,0.0,1.0
0.8710601719197709,0.6470588235294117,0.2,430.8,0.0,0.21052631578947367,0.3703703703703704,1.0,0.0,1.0,0.0,0.0,1.0,0.0,1.0,0.0,0.0
0.8739255014326649,0.2941176470588236,0.8,1160.6,0.5714285714285714,0.7894736842105261,0.44444444444444453,1.0,0.0,0.0,1.0,0.0,0.0,1.0,0.0,1.0,0.0
0.8767908309455589,0.5294117647058822,0.4,820.9,0.3571428571428571,0.6842105263157894,0.12962962962962965,0.0,1.0,0.0,0.0,1.0,1.0,0.0,1.0,0.0,0.0
0.8796561604584529,0.8823529411764706,0.0,495.25,0.1428571428571428,0.3157894736842104,0.6666666666666667,1.0,0.0,1.0,0.0,0.0,0.0,1.0,0.0,0.0,1.0
0.8825214899713468,0.11764705882352944,1.0,1490.1,1.0,1.0,0.03703703703703704,0.0,1.0,0.0,1.0,0.0,1.0,0.0,0.0,1.0,0.0
0.8853868194842408,0.3529411764705883,0.6000000000000001,660.3,0.2142857142857142,0.4210526315789471,0.5555555555555557,0.0,1.0,0.0,0.0,1.0,0.0,1.0,0.0,0.0,1.0
0.8882521489971348,0.5882352941176472,0.2,440.5,0.0714285714285714,0.05263157894736836,0.27777777777777785,1.0,0.0,1.0,0.0,0.0,1.0,0.0,1.0,0.0,0.0
0.8911174785100288,0.23529411764705888,0.8,1200.8,0.6428571428571428,0.8947368421052628,0.29629629629629634,1.0,0.0,0.0,1.0,0.0,0.0,1.0,0.0,1.0,0.0
0.8939828080229227,0.47058823529411775,0.4,780.2,0.2857142857142857,0.5789473684210522,0.14814814814814814,0.0,1.0,0.0,0.0,1.0,1.0,0.0,1.0,0.0,0.0
0.8968481375358169,1.0,0.0,505.75,0.2142857142857142,0.1578947368421051,0.6851851851851853,1.0,0.0,1.0,0.0,0.0,0.0,1.0,0.0,0.0,1.0
0.8997134670487109,0.23529411764705888,1.0,1460.5,0.9285714285714284,0.9473684210526314,0.0925925925925926,0.0,1.0,0.0,1.0,0.0,1.0,0.0,0.0,1.0,0.0
0.9025787965616049,0.05882352941176472,0.6000000000000001,710.4,0.4285714285714285,0.5789473684210522,0.9629629629629631,0.0,1.0,0.0,0.0,1.0,0.0,1.0,0.0,0.0,1.0
0.9054441260744989,0.6470588235294117,0.2,450.8,0.0,0.21052631578947367,0.38888888888888906,1.0,0.0,1.0,0.0,0.0,1.0,0.0,1.0,0.0,0.0
0.9083094555873928,0.2941176470588236,0.8,1140.6,0.5714285714285714,0.7894736842105261,0.462962962962963,1.0,0.0,0.0,1.0,0.0,0.0,1.0,0.0,1.0,0.0
0.9111747851002868,0.5294117647058822,0.4,800.9,0.3571428571428571,0.5789473684210522,0.18518518518518523,0.0,1.0,0.0,0.0,1.0,1.0,0.0,1.0,0.0,0.0
0.9140401146131808,0.8823529411764706,0.0,475.25,0.1428571428571428,0.3157894736842104,0.6851851851851853,1.0,0.0,1.0,0.0,0.0,0.0,1.0,0.0,0.0,1.0
0.9169054441260748,0.11764705882352944,1.0,1480.1,1.0,1.0,0.055555555555555566,0.0,1.0,0.0,1.0,0.0,1.0,0.0,0.0,1.0,0.0
0.9197707736389688,0.3529411764705883,0.6000000000000001,660.3,0.2142857142857142,0.4210526315789471,0.5740740740740742,0.0,1.0,0.0,0.0,1.0,0.0,1.0,0.0,0.0,1.0
0.9226361031518627,0.5882352941176472,0.2,470.5,0.0714285714285714,0.0,0.3148148148148148,1.0,0.0,1.0,0.0,0.0,1.0,0.0,1.0,0.0,0.0
0.9255014326647567,0.23529411764705888,0.8,1190.8,0.6428571428571428,0.7894736842105261,0.3333333333333334,1.0,0.0,0.0,1.0,0.0,0.0,1.0,0.0,1.0,0.0
0.9283667621776507,0.47058823529411775,0.4,780.2,0.2857142857142857,0.6315789473684208,0.16666666666666669,0.0,1.0,0.0,0.0,1.0,1.0,0.0,1.0,0.0,0.0
0.9312320916905447,1.0,0.0,515.75,0.2142857142857142,0.1578947368421051,0.7037037037037038,1.0,0.0,1.0,0.0,0.0,0.0,1.0,0.0,0.0,1.0
0.9340974212034386,0.23529411764705888,1.0,1450.5,0.857142857142857,0.8421052631578942,0.0925925925925926,0.0,1.0,0.0,1.0,0.0,1.0,0.0,0.0,1.0,0.0
0.9369627507163326,0.05882352941176472,0.6000000000000001,710.4,0.4285714285714285,0.5789473684210522,0.9814814814814817,0.0,1.0,0.0,0.0,1.0,0.0,1.0,0.0,0.0,1.0
0.9398280802292266,0.6470588235294117,0.2,430.8,0.0,0.21052631578947367,0.40740740740740755,1.0,0.0,1.0,0.0,0.0,1.0,0.0,1.0,0.0,0.0
0.9426934097421206,0.2941176470588236,0.8,1160.6,0.5714285714285714,0.7894736842105261,0.4814814814814816,1.0,0.0,0.0,1.0,0.0,0.0,1.0,0.0,1.0,0.0
0.9455587392550145,0.5294117647058822,0.4,820.9,0.3571428571428571,0.6842105263157894,0.20370370370370375,0.0,1.0,0.0,0.0,1.0,1.0,0.0,1.0,0.0,0.0
0.9484240687679085,0.8823529411764706,0.0,495.25,0.1428571428571428,0.3157894736842104,0.7037037037037038,1.0,0.0,1.0,0.0,0.0,0.0,1.0,0.0,0.0,1.0
0.9512893982808025,0.11764705882352944,1.0,1490.1,1.0,1.0,0.03703703703703704,0.0,1.0,0.0,1.0,0.0,1.0,0.0,0.0,1.0,0.0
0.9541547277936965,0.3529411764705883,0.6000000000000001,660.3,0.2142857142857142,0.4210526315789471,0.5925925925925927,0.0,1.0,0.0,0.0,1.0,0.0,1.0,0.0,0.0,1.0
0.9570200573065905,0.5882352941176472,0.2,440.5,0.0714285714285714,0.05263157894736836,0.3518518518518519,1.0,0.0,1.0,0.0,0.0,1.0,0.0,1.0,0.0,0.0
0.9598853868194844,0.23529411764705888,0.8,1200.8,0.6428571428571428,0.8947368421052628,0.3518518518518519,1.0,0.0,0.0,1.0,0.0,0.0,1.0,0.0,1.0,0.0
0.9627507163323784,0.47058823529411775,0.4,780.2,0.2857142857142857,0.5789473684210522,0.18518518518518523,0.0,1.0,0.0,0.0,1.0,1.0,0.0,1.0,0.0,0.0
0.9656160458452724,1.0,0.0,505.75,0.2142857142857142,0.1578947368421051,0.7222222222222223,1.0,0.0,1.0,0.0,0.0,0.0,1.0,0.0,0.0,1.0
0.9684813753581664,0.23529411764705888,1.0,1460.5,0.9285714285714284,0.9473684210526314,0.11111111111111116,0.0,1.0,0.0,1.0,0.0,1.0,0.0,0.0,1.0,0.0
0.9713467048710603,0.05882352941176472,0.6000000000000001,710.4,0.4285714285714285,0.5789473684210522,1.0,0.0,1.0,0.0,0.0,1.0,0.0,1.0,0.0,0.0,1.0
0.9742120343839543,0.6470588235294117,0.2,450.8,0.0,0.21052631578947367,0.42592592592592604,1.0,0.0,1.0,0.0,0.0,1.0,0.0,1.0,0.0,0.0
0.9770773638968483,0.2941176470588236,0.8,1140.6,0.5714285714285714,0.7894736842105261,0.5000000000000001,1.0,0.0,0.0,1.0,0.0,0.0,1.0,0.0,1.0,0.0
0.9799426934097423,0.5294117647058822,0.4,800.9,0.3571428571428571,0.5789473684210522,0.20370370370370375,0.0,1.0,0.0,0.0,1.0,1.0,0.0,1.0,0.0,0.0
0.9828080229226362,0.8823529411764706,0.0,475.25,0.1428571428571428,0.3157894736842104,0.7222222222222223,1.0,0.0,1.0,0.0,0.0,0.0,1.0,0.0,0.0,1.0
0.9856733524355302,0.11764705882352944,1.0,1480.1,1.0,1.0,0.07407407407407408,0.0,1.0,0.0,1.0,0.0,1.0,0.0,0.0,1.0,0.0
0.9885386819484242,0.3529411764705883,0.6000000000000001,660.3,0.2142857142857142,0.4210526315789471,0.6111111111111112,0.0,1.0,0.0,0.0,1.0,0.0,1.0,0.0,0.0,1.0
0.9914040114613182,0.5882352941176472,0.2,470.5,0.0714285714285714,0.0,0.3333333333333334,1.0,0.0,1.0,0.0,0.0,1.0,0.0,1.0,0.0,0.0
0.9942693409742122,0.23529411764705888,0.8,1190.8,0.6428571428571428,0.7894736842105261,0.3518518518518519,1.0,0.0,0.0,1.0,0.0,0.0,1.0,0.0,1.0,0.0
0.9971346704871061,0.47058823529411775,0.4,780.2,0.2857142857142857,0.6315789473684208,0.22222222222222224,0.0,1.0,0.0,0.0,1.0,1.0,0.0,1.0,0.0,0.0
1.0,1.0,0.0,515.75,0.2142857142857142,0.1578947368421051,0.7407407407407408,1.0,0.0,1.0,0.0,0.0,0.0,1.0,0.0,0.0,1.0
